timestamp,lj_valve_state,lj_pump_state,temp0,temp1
2026-04-17T00:00:01.441653,0,0,17.56,18.12
2026-04-17T00:00:04.120440,0,0,17.56,18.25
2026-04-17T00:00:07.180363,0,0,17.56,18.25
2026-04-17T00:00:09.800305,0,0,17.69,18.25
2026-04-17T00:00:12.380348,0,0,17.56,18.25
2026-04-17T00:00:15.001207,0,0,17.56,18.25
2026-04-17T00:00:17.601157,0,0,17.56,18.25
2026-04-17T00:00:20.281205,0,0,17.56,18.25
2026-04-17T00:00:22.880115,0,0,17.56,18.25
2026-04-17T00:00:25.499000,0,0,17.56,18.25
2026-04-17T00:00:28.400934,0,0,17.56,18.25
2026-04-17T00:00:31.080877,0,0,17.62,18.25
2026-04-17T00:00:33.700822,0,0,17.56,18.25
2026-04-17T00:00:36.378586,0,0,17.56,18.25
2026-04-17T00:00:39.060612,0,0,17.56,18.25
2026-04-17T00:00:41.840561,0,0,17.62,18.25
2026-04-17T00:00:44.579504,0,0,17.56,18.25
2026-04-17T00:00:47.480444,0,0,17.62,18.25
2026-04-17T00:00:50.041393,0,0,17.62,18.25
2026-04-17T00:00:52.641303,0,0,17.56,18.25
2026-04-17T00:00:55.541333,0,0,17.62,18.25
2026-04-17T00:00:58.381323,0,0,17.62,18.25
2026-04-17T00:01:01.001225,0,0,17.62,18.25
2026-04-17T00:01:03.900232,0,0,17.56,18.25
2026-04-17T00:01:06.521142,0,0,17.62,18.25
2026-04-17T00:01:09.421025,0,0,17.56,18.25
2026-04-17T00:01:12.020973,0,0,17.62,18.25
2026-04-17T00:01:14.639989,0,0,17.62,18.25
2026-04-17T00:01:17.260958,0,0,17.56,18.25
2026-04-17T00:01:20.079874,0,0,17.62,18.25
2026-04-17T00:01:22.701727,0,0,17.62,18.25
2026-04-17T00:01:25.600886,0,0,17.62,18.25
2026-04-17T00:01:28.361474,0,0,17.62,18.25
2026-04-17T00:01:31.040429,0,0,17.62,18.25
2026-04-17T00:01:33.661328,0,0,17.56,18.25
2026-04-17T00:01:36.320352,0,0,17.56,18.25
2026-04-17T00:01:38.941373,0,0,17.62,18.25
2026-04-17T00:01:41.620302,0,0,17.56,18.25
2026-04-17T00:01:44.221501,0,0,17.56,18.25
2026-04-17T00:01:46.820302,0,0,17.56,18.25
2026-04-17T00:01:49.721205,0,0,17.56,18.25
2026-04-17T00:01:52.641115,0,0,17.62,18.25
2026-04-17T00:01:55.401289,0,0,17.69,18.25
2026-04-17T00:01:58.082073,0,0,17.62,18.25
2026-04-17T00:02:00.699479,0,0,17.62,18.25
2026-04-17T00:02:03.601670,0,0,17.62,18.25
2026-04-17T00:02:06.281723,0,0,17.62,18.25
2026-04-17T00:02:08.901605,0,0,17.62,18.25
2026-04-17T00:02:11.720759,0,0,17.56,18.25
2026-04-17T00:02:14.341706,0,0,17.62,18.25
2026-04-17T00:02:16.960547,0,0,17.62,18.25
2026-04-17T00:02:20.181606,0,0,17.69,18.25
2026-04-17T00:02:22.800420,0,0,17.69,18.12
2026-04-17T00:02:25.701394,0,0,17.56,18.25
2026-04-17T00:02:28.322387,0,0,17.69,18.25
2026-04-17T00:02:31.222324,0,0,17.56,18.25
2026-04-17T00:02:33.842278,0,0,17.69,18.25
2026-04-17T00:02:36.522052,0,0,17.56,18.25
2026-04-17T00:02:39.581972,0,0,17.62,18.25
2026-04-17T00:02:42.202122,0,0,17.69,18.25
2026-04-17T00:02:45.101571,0,0,17.62,18.25
2026-04-17T00:02:47.721604,0,0,17.69,18.25
2026-04-17T00:02:50.541524,0,0,17.62,18.25
2026-04-17T00:02:53.160386,0,0,17.62,18.25
2026-04-17T00:02:55.821399,0,0,17.56,18.25
2026-04-17T00:02:58.439498,0,0,17.62,18.25
2026-04-17T00:03:01.062316,0,0,17.62,18.25
2026-04-17T00:03:03.882266,0,0,17.62,18.25
2026-04-17T00:03:06.482251,0,0,17.62,18.25
2026-04-17T00:03:09.102061,0,0,17.62,18.25
2026-04-17T00:03:12.002076,0,0,17.62,18.25
2026-04-17T00:03:14.622054,0,0,17.62,18.25
2026-04-17T00:03:17.242068,0,0,17.62,18.37
2026-04-17T00:03:19.842006,0,0,17.62,18.25
2026-04-17T00:03:22.451885,0,0,17.62,18.25
2026-04-17T00:03:25.440850,0,0,17.62,18.25
2026-04-17T00:03:28.281908,0,0,17.69,18.25
2026-04-17T00:03:30.901754,0,0,17.62,18.25
2026-04-17T00:03:33.801679,0,0,17.62,18.25
2026-04-17T00:03:36.422665,0,0,17.62,18.25
2026-04-17T00:03:39.082616,0,0,17.62,18.25
2026-04-17T00:03:41.920406,0,0,17.62,18.25
2026-04-17T00:03:44.522460,0,0,17.69,18.25
2026-04-17T00:03:47.142347,0,0,17.62,18.25
2026-04-17T00:03:49.762300,0,0,17.62,18.25
2026-04-17T00:03:52.582250,0,0,17.62,18.25
2026-04-17T00:03:55.202377,0,0,17.69,18.37
2026-04-17T00:03:58.102182,0,0,17.62,18.25
2026-04-17T00:04:00.782220,0,0,17.62,18.25
2026-04-17T00:04:03.622077,0,0,17.69,18.25
2026-04-17T00:04:06.380957,0,0,17.62,18.25
2026-04-17T00:04:09.052875,0,0,17.62,18.25
2026-04-17T00:04:11.742919,0,0,17.62,18.25
2026-04-17T00:04:14.352782,0,0,17.62,18.25
2026-04-17T00:04:17.022804,0,0,17.62,18.25
2026-04-17T00:04:19.860768,0,0,17.56,18.25
2026-04-17T00:04:22.462602,0,0,17.69,18.25
2026-04-17T00:04:25.082716,0,0,17.62,18.25
2026-04-17T00:04:27.682364,0,0,17.62,18.25
2026-04-17T00:04:30.282050,0,0,17.62,18.25
2026-04-17T00:04:32.902239,0,0,17.62,18.37
2026-04-17T00:04:35.501503,0,0,17.62,18.25
2026-04-17T00:04:38.180275,0,0,17.62,18.25
2026-04-17T00:04:40.782068,0,0,17.62,18.25
2026-04-17T00:04:43.401896,0,0,17.62,18.25
2026-04-17T00:04:45.981476,0,0,17.62,18.25
2026-04-17T00:04:48.541362,0,0,17.62,18.25
2026-04-17T00:04:51.141034,0,0,17.62,18.25
2026-04-17T00:04:53.740809,0,0,17.62,18.25
2026-04-17T00:04:56.580693,0,0,17.62,18.25
2026-04-17T00:04:59.178466,0,0,17.69,18.25
2026-04-17T00:05:01.800105,0,0,17.62,18.25
2026-04-17T00:05:04.699880,0,0,17.62,18.25
2026-04-17T00:05:07.479696,0,0,17.69,18.37
2026-04-17T00:05:10.160052,0,0,17.69,18.25
2026-04-17T00:05:12.759202,0,0,17.62,18.25
2026-04-17T00:05:15.437966,0,0,17.62,18.37
2026-04-17T00:05:18.279641,0,0,17.62,18.37
2026-04-17T00:05:21.039361,0,0,17.69,18.25
2026-04-17T00:05:23.639301,0,0,17.69,18.25
2026-04-17T00:05:26.458961,0,0,17.62,18.25
2026-04-17T00:05:29.078615,0,0,17.69,18.25
2026-04-17T00:05:31.978423,0,0,17.62,18.25
2026-04-17T00:05:34.657170,0,0,17.69,18.25
2026-04-17T00:05:37.257968,0,0,17.69,18.37
2026-04-17T00:05:40.237685,0,0,17.69,18.37
2026-04-17T00:05:42.856463,0,0,17.75,18.25
2026-04-17T00:05:45.453339,0,0,17.62,18.37
2026-04-17T00:05:48.137970,0,0,17.62,18.25
2026-04-17T00:05:50.737685,0,0,17.62,18.25
2026-04-17T00:05:53.637474,0,0,17.62,18.37
2026-04-17T00:05:56.256206,0,0,17.69,18.25
2026-04-17T00:05:59.157067,0,0,17.62,18.25
2026-04-17T00:06:01.756791,0,0,17.69,18.37
2026-04-17T00:06:04.376539,0,0,17.62,18.25
2026-04-17T00:06:07.275384,0,0,17.62,18.37
2026-04-17T00:06:09.896107,0,0,17.69,18.37
2026-04-17T00:06:12.794917,0,0,17.62,18.25
2026-04-17T00:06:15.575726,0,0,17.69,18.25
2026-04-17T00:06:18.335492,0,0,17.62,18.25
2026-04-17T00:06:21.004215,0,0,17.69,18.37
2026-04-17T00:06:23.696029,0,0,17.62,18.25
2026-04-17T00:06:26.675878,0,0,17.69,18.25
2026-04-17T00:06:29.295547,0,0,17.69,18.37
2026-04-17T00:06:31.955240,0,0,17.62,18.25
2026-04-17T00:06:34.575034,0,0,17.62,18.37
2026-04-17T00:06:37.174913,0,0,17.69,18.37
2026-04-17T00:06:39.834631,0,0,17.62,18.25
2026-04-17T00:06:42.454408,0,0,17.62,18.37
2026-04-17T00:06:45.054603,0,0,17.69,18.25
2026-04-17T00:06:47.714353,0,0,17.62,18.37
2026-04-17T00:06:50.333257,0,0,17.69,18.37
2026-04-17T00:06:52.992935,0,0,17.62,18.25
2026-04-17T00:06:55.614772,0,0,17.62,18.37
2026-04-17T00:06:58.214493,0,0,17.62,18.25
2026-04-17T00:07:00.814226,0,0,17.62,18.37
2026-04-17T00:07:03.434054,0,0,17.69,18.25
2026-04-17T00:07:06.033773,0,0,17.69,18.25
2026-04-17T00:07:08.713523,0,0,17.62,18.25
2026-04-17T00:07:11.312481,0,0,17.69,18.37
2026-04-17T00:07:13.913244,0,0,17.62,18.25
2026-04-17T00:07:16.511786,0,0,17.62,18.25
2026-04-17T00:07:19.288590,0,0,17.62,18.25
2026-04-17T00:07:21.892300,0,0,17.69,18.25
2026-04-17T00:07:24.511108,0,0,17.62,18.37
2026-04-17T00:07:27.112850,0,0,17.62,18.25
2026-04-17T00:07:29.789803,0,0,17.69,18.37
2026-04-17T00:07:32.392523,0,0,17.69,18.25
2026-04-17T00:07:35.012249,0,0,17.69,18.25
2026-04-17T00:07:37.592137,0,0,17.69,18.37
2026-04-17T00:07:40.291967,0,0,17.69,18.37
2026-04-17T00:07:42.891807,0,0,17.62,18.37
2026-04-17T00:07:45.481563,0,0,17.62,18.37
2026-04-17T00:07:48.091383,0,0,17.69,18.25
2026-04-17T00:07:50.711210,0,0,17.69,18.37
2026-04-17T00:07:53.371093,0,0,17.62,18.37
2026-04-17T00:07:55.987920,0,0,17.69,18.25
2026-04-17T00:07:58.646666,0,0,17.69,18.37
2026-04-17T00:08:01.270436,0,0,17.69,18.25
2026-04-17T00:08:03.871249,0,0,17.62,18.37
2026-04-17T00:08:06.849263,0,0,17.62,18.25
2026-04-17T00:08:09.450055,0,0,17.75,18.37
2026-04-17T00:08:12.290178,0,0,17.69,18.37
2026-04-17T00:08:15.210698,0,0,17.75,18.25
2026-04-17T00:08:17.808583,0,0,17.75,18.25
2026-04-17T00:08:20.408128,0,0,17.69,18.37
2026-04-17T00:08:23.018437,0,0,17.69,18.37
2026-04-17T00:08:25.926821,0,0,17.69,18.25
2026-04-17T00:08:28.548832,0,0,17.75,18.37
2026-04-17T00:08:31.206568,0,0,17.69,18.25
2026-04-17T00:08:33.829404,0,0,17.69,18.25
2026-04-17T00:08:36.430211,0,0,17.69,18.37
2026-04-17T00:08:39.027882,0,0,17.62,18.25
2026-04-17T00:08:41.711490,0,0,17.69,18.25
2026-04-17T00:08:44.330138,0,0,17.69,18.25
2026-04-17T00:08:46.988803,0,0,17.69,18.37
2026-04-17T00:08:49.646527,0,0,17.69,18.25
2026-04-17T00:08:52.428682,0,0,17.69,18.37
2026-04-17T00:08:55.048581,0,0,17.69,18.25
2026-04-17T00:08:57.708433,0,0,17.62,18.25
2026-04-17T00:09:00.328042,0,0,17.69,18.25
2026-04-17T00:09:03.228028,0,0,17.69,18.25
2026-04-17T00:09:05.847824,0,0,17.69,18.37
2026-04-17T00:09:08.447546,0,0,17.69,18.37
2026-04-17T00:09:11.028454,0,0,17.69,18.37
2026-04-17T00:09:13.628207,0,0,17.62,18.25
2026-04-17T00:09:16.228304,0,0,17.69,18.37
2026-04-17T00:09:18.828121,0,0,17.69,18.37
2026-04-17T00:09:21.807899,0,0,17.69,18.37
2026-04-17T00:09:24.427741,0,0,17.69,18.37
2026-04-17T00:09:27.327757,0,0,17.62,18.37
2026-04-17T00:09:29.946522,0,0,17.69,18.25
2026-04-17T00:09:32.547368,0,0,17.69,18.37
2026-04-17T00:09:35.447352,0,0,17.69,18.37
2026-04-17T00:09:38.046995,0,0,17.69,18.37
2026-04-17T00:09:40.967842,0,0,17.69,18.25
2026-04-17T00:09:43.566583,0,0,17.75,18.37
2026-04-17T00:09:46.347514,0,0,17.69,18.37
2026-04-17T00:09:48.947345,0,0,17.75,18.25
2026-04-17T00:09:51.537104,0,0,17.69,18.37
2026-04-17T00:09:54.166990,0,0,17.69,18.25
2026-04-17T00:09:56.765900,0,0,17.69,18.37
2026-04-17T00:09:59.386588,0,0,17.69,18.37
2026-04-17T00:10:01.985381,0,0,17.69,18.37
2026-04-17T00:10:04.586291,0,0,17.69,18.37
2026-04-17T00:10:07.564966,0,0,17.69,18.25
2026-04-17T00:10:10.186106,0,0,17.75,18.37
2026-04-17T00:10:12.946012,0,0,17.69,18.25
2026-04-17T00:10:15.625097,0,0,17.69,18.37
2026-04-17T00:10:18.246117,0,0,17.69,18.37
2026-04-17T00:10:20.826127,0,0,17.69,18.37
2026-04-17T00:10:23.745765,0,0,17.69,18.37
2026-04-17T00:10:26.345600,0,0,17.75,18.37
2026-04-17T00:10:28.965436,0,0,17.69,18.25
2026-04-17T00:10:31.865277,0,0,17.69,18.37
2026-04-17T00:10:34.565125,0,0,17.69,18.37
2026-04-17T00:10:37.144133,0,0,17.69,18.37
2026-04-17T00:10:39.765617,0,0,17.69,18.37
2026-04-17T00:10:42.384572,0,0,17.69,18.37
2026-04-17T00:10:45.204412,0,0,17.69,18.25
2026-04-17T00:10:47.804191,0,0,17.69,18.37
2026-04-17T00:10:50.424163,0,0,17.69,18.37
2026-04-17T00:10:53.024955,0,0,17.69,18.37
2026-04-17T00:10:55.783868,0,0,17.69,18.37
2026-04-17T00:10:58.384610,0,0,17.75,18.37
2026-04-17T00:11:01.204604,0,0,17.69,18.25
2026-04-17T00:11:03.764350,0,0,17.69,18.25
2026-04-17T00:11:06.362243,0,0,17.69,18.37
2026-04-17T00:11:09.024106,0,0,17.69,18.37
2026-04-17T00:11:11.643942,0,0,17.69,18.37
2026-04-17T00:11:14.242697,0,0,17.69,18.37
2026-04-17T00:11:16.843672,0,0,17.69,18.25
2026-04-17T00:11:19.463498,0,0,17.69,18.37
2026-04-17T00:11:22.064232,0,0,17.69,18.25
2026-04-17T00:11:24.644155,0,0,17.69,18.25
2026-04-17T00:11:27.244002,0,0,17.69,18.25
2026-04-17T00:11:30.143797,0,0,17.69,18.37
2026-04-17T00:11:32.843543,0,0,17.75,18.37
2026-04-17T00:11:35.663430,0,0,17.69,18.37
2026-04-17T00:11:38.283459,0,0,17.75,18.37
2026-04-17T00:11:41.183197,0,0,17.69,18.37
2026-04-17T00:11:43.803079,0,0,17.75,18.37
2026-04-17T00:11:46.461032,0,0,17.69,18.25
2026-04-17T00:11:49.082015,0,0,17.69,18.25
2026-04-17T00:11:51.822885,0,0,17.69,18.37
2026-04-17T00:11:54.423862,0,0,17.69,18.25
2026-04-17T00:11:57.323551,0,0,17.69,18.37
2026-04-17T00:11:59.943419,0,0,17.75,18.37
2026-04-17T00:12:02.543146,0,0,17.69,18.37
2026-04-17T00:12:05.132950,0,0,17.69,18.37
2026-04-17T00:12:07.822947,0,0,17.69,18.37
2026-04-17T00:12:10.422667,0,0,17.69,18.37
2026-04-17T00:12:13.022679,0,0,17.69,18.37
2026-04-17T00:12:15.642482,0,0,17.69,18.37
2026-04-17T00:12:18.222364,0,0,17.69,18.37
2026-04-17T00:12:20.822153,0,0,17.69,18.25
2026-04-17T00:12:23.422037,0,0,17.69,18.37
2026-04-17T00:12:26.180857,0,0,17.69,18.37
2026-04-17T00:12:28.941685,0,0,17.75,18.25
2026-04-17T00:12:31.682587,0,0,17.69,18.37
2026-04-17T00:12:34.582434,0,0,17.69,18.37
2026-04-17T00:12:37.202324,0,0,17.75,18.37
2026-04-17T00:12:40.102103,0,0,17.69,18.25
2026-04-17T00:12:42.722002,0,0,17.75,18.37
2026-04-17T00:12:45.381864,0,0,17.69,18.25
2026-04-17T00:12:48.000687,0,0,17.69,18.37
2026-04-17T00:12:50.901511,0,0,17.69,18.37
2026-04-17T00:12:53.519376,0,0,17.75,18.37
2026-04-17T00:12:56.121248,0,0,17.69,18.37
2026-04-17T00:12:58.701086,0,0,17.69,18.25
2026-04-17T00:13:01.762048,0,0,17.69,18.25
2026-04-17T00:13:04.381867,0,0,17.75,18.37
2026-04-17T00:13:06.981659,0,0,17.69,18.25
2026-04-17T00:13:09.721342,0,0,17.69,18.25
2026-04-17T00:13:12.341206,0,0,17.69,18.37
2026-04-17T00:13:15.241257,0,0,17.69,18.37
2026-04-17T00:13:17.861071,0,0,17.69,18.37
2026-04-17T00:13:20.440923,0,0,17.69,18.37
2026-04-17T00:13:23.060836,0,0,17.69,18.37
2026-04-17T00:13:25.720727,0,0,17.69,18.37
2026-04-17T00:13:28.339632,0,0,17.69,18.25
2026-04-17T00:13:31.240402,0,0,17.69,18.25
2026-04-17T00:13:34.219291,0,0,17.75,18.37
2026-04-17T00:13:36.841022,0,0,17.75,18.37
2026-04-17T00:13:39.740949,0,0,17.69,18.25
2026-04-17T00:13:42.720720,0,0,17.75,18.37
2026-04-17T00:13:45.700566,0,0,17.75,18.37
2026-04-17T00:13:48.539758,0,0,17.75,18.25
2026-04-17T00:13:51.140468,0,0,17.69,18.25
2026-04-17T00:13:54.120295,0,0,17.69,18.37
2026-04-17T00:13:56.740235,0,0,17.69,18.37
2026-04-17T00:13:59.340121,0,0,17.69,18.25
2026-04-17T00:14:02.239929,0,0,17.69,18.37
2026-04-17T00:14:04.919750,0,0,17.75,18.37
2026-04-17T00:14:07.520580,0,0,17.69,18.25
2026-04-17T00:14:10.139448,0,0,17.69,18.25
2026-04-17T00:14:12.720349,0,0,17.69,18.25
2026-04-17T00:14:15.480201,0,0,17.69,18.25
2026-04-17T00:14:18.160065,0,0,17.75,18.37
2026-04-17T00:14:20.760027,0,0,17.69,18.25
2026-04-17T00:14:23.378814,0,0,17.69,18.37
2026-04-17T00:14:25.929647,0,0,17.69,18.25
2026-04-17T00:14:28.579544,0,0,17.69,18.37
2026-04-17T00:14:31.179396,0,0,17.69,18.25
2026-04-17T00:14:33.779355,0,0,17.69,18.37
2026-04-17T00:14:36.457173,0,0,17.69,18.25
2026-04-17T00:14:39.079162,0,0,17.69,18.37
2026-04-17T00:14:41.658214,0,0,17.69,18.25
2026-04-17T00:14:44.419821,0,0,17.69,18.25
2026-04-17T00:14:47.018459,0,0,17.69,18.37
2026-04-17T00:14:49.719428,0,0,17.69,18.25
2026-04-17T00:14:52.399492,0,0,17.69,18.25
2026-04-17T00:14:55.079476,0,0,17.69,18.37
2026-04-17T00:14:57.699359,0,0,17.69,18.25
2026-04-17T00:15:00.598229,0,0,17.69,18.25
2026-04-17T00:15:03.199032,0,0,17.75,18.37
2026-04-17T00:15:05.798924,0,0,17.69,18.25
2026-04-17T00:15:08.498770,0,0,17.69,18.25
2026-04-17T00:15:11.158720,0,0,17.69,18.37
2026-04-17T00:15:13.757432,0,0,17.69,18.25
2026-04-17T00:15:16.739613,0,0,17.69,18.25
2026-04-17T00:15:19.349232,0,0,17.75,18.37
2026-04-17T00:15:22.018889,0,0,17.69,18.25
2026-04-17T00:15:24.638847,0,0,17.69,18.25
2026-04-17T00:15:27.538061,0,0,17.69,18.25
2026-04-17T00:15:30.378673,0,0,17.75,18.25
2026-04-17T00:15:32.978720,0,0,17.75,18.37
2026-04-17T00:15:35.598332,0,0,17.69,18.25
2026-04-17T00:15:38.258354,0,0,17.69,18.25
2026-04-17T00:15:41.237330,0,0,17.69,18.37
2026-04-17T00:15:43.858094,0,0,17.69,18.25
2026-04-17T00:15:46.438043,0,0,17.69,18.25
2026-04-17T00:15:48.998819,0,0,17.69,18.25
2026-04-17T00:15:51.738726,0,0,17.69,18.25
2026-04-17T00:15:54.358621,0,0,17.69,18.37
2026-04-17T00:15:56.938302,0,0,17.69,18.37
2026-04-17T00:15:59.556251,0,0,17.69,18.37
2026-04-17T00:16:02.158233,0,0,17.69,18.25
2026-04-17T00:16:04.758235,0,0,17.69,18.25
2026-04-17T00:16:07.456931,0,0,17.69,18.37
2026-04-17T00:16:10.057988,0,0,17.69,18.25
2026-04-17T00:16:12.957703,0,0,17.69,18.37
2026-04-17T00:16:15.937502,0,0,17.75,18.25
2026-04-17T00:16:18.527507,0,0,17.81,18.25
2026-04-17T00:16:21.377335,0,0,17.69,18.25
2026-04-17T00:16:23.978206,0,0,17.69,18.25
2026-04-17T00:16:27.138094,0,0,17.69,18.25
2026-04-17T00:16:29.757875,0,0,17.69,18.37
2026-04-17T00:16:32.357785,0,0,17.69,18.25
2026-04-17T00:16:34.957571,0,0,17.69,18.37
2026-04-17T00:16:37.637687,0,0,17.69,18.25
2026-04-17T00:16:40.297566,0,0,17.75,18.37
2026-04-17T00:16:43.217405,0,0,17.69,18.37
2026-04-17T00:16:45.957252,0,0,17.75,18.37
2026-04-17T00:16:48.557277,0,0,17.69,18.37
2026-04-17T00:16:51.157127,0,0,17.69,18.37
2026-04-17T00:16:53.777047,0,0,17.69,18.25
2026-04-17T00:16:56.377978,0,0,17.69,18.25
2026-04-17T00:16:58.976633,0,0,17.69,18.25
2026-04-17T00:17:01.586537,0,0,17.69,18.25
2026-04-17T00:17:04.496370,0,0,17.69,18.25
2026-04-17T00:17:07.477200,0,0,17.75,18.25
2026-04-17T00:17:10.097108,0,0,17.69,18.25
2026-04-17T00:17:12.997161,0,0,17.69,18.25
2026-04-17T00:17:15.595125,0,0,17.75,18.37
2026-04-17T00:17:18.275952,0,0,17.69,18.25
2026-04-17T00:17:20.896987,0,0,17.69,18.25
2026-04-17T00:17:23.496784,0,0,17.69,18.25
2026-04-17T00:17:26.396763,0,0,17.69,18.25
2026-04-17T00:17:28.997442,0,0,17.75,18.25
2026-04-17T00:17:31.617562,0,0,17.69,18.25
2026-04-17T00:17:34.216113,0,0,17.69,18.25
2026-04-17T00:17:37.196927,0,0,17.69,18.37
2026-04-17T00:17:39.896087,0,0,17.75,18.25
2026-04-17T00:17:42.496001,0,0,17.75,18.25
2026-04-17T00:17:45.554551,0,0,17.69,18.25
2026-04-17T00:17:48.176631,0,0,17.81,18.37
2026-04-17T00:17:50.836539,0,0,17.69,18.25
2026-04-17T00:17:53.436368,0,0,17.69,18.25
2026-04-17T00:17:56.136264,0,0,17.69,18.25
2026-04-17T00:17:58.716453,0,0,17.69,18.37
2026-04-17T00:18:01.697056,0,0,17.69,18.25
2026-04-17T00:18:04.316107,0,0,17.81,18.25
2026-04-17T00:18:07.056859,0,0,17.69,18.25
2026-04-17T00:18:09.656809,0,0,17.75,18.25
2026-04-17T00:18:12.276671,0,0,17.69,18.25
2026-04-17T00:18:14.936769,0,0,17.69,18.25
2026-04-17T00:18:17.916472,0,0,17.75,18.25
2026-04-17T00:18:20.756454,0,0,17.81,18.25
2026-04-17T00:18:23.436362,0,0,17.75,18.25
2026-04-17T00:18:26.036119,0,0,17.69,18.37
2026-04-17T00:18:28.636044,0,0,17.75,18.25
2026-04-17T00:18:31.316145,0,0,17.69,18.25
2026-04-17T00:18:33.936749,0,0,17.75,18.37
2026-04-17T00:18:36.596666,0,0,17.69,18.25
2026-04-17T00:18:39.216690,0,0,17.69,18.25
2026-04-17T00:18:41.976406,0,0,17.69,18.25
2026-04-17T00:18:44.575152,0,0,17.75,18.37
2026-04-17T00:18:47.196019,0,0,17.69,18.25
2026-04-17T00:18:50.096091,0,0,17.75,18.25
2026-04-17T00:18:52.716107,0,0,17.75,18.37
2026-04-17T00:18:55.295930,0,0,17.69,18.25
2026-04-17T00:18:58.355880,0,0,17.75,18.37
2026-04-17T00:19:00.975732,0,0,17.75,18.25
2026-04-17T00:19:03.575713,0,0,17.75,18.25
2026-04-17T00:19:06.255476,0,0,17.69,18.25
2026-04-17T00:19:09.076299,0,0,17.75,18.37
2026-04-17T00:19:11.756429,0,0,17.75,18.25
2026-04-17T00:19:14.376144,0,0,17.69,18.25
2026-04-17T00:19:17.276145,0,0,17.69,18.25
2026-04-17T00:19:19.874986,0,0,17.75,18.25
2026-04-17T00:19:22.795816,0,0,17.69,18.25
2026-04-17T00:19:25.435734,0,0,17.75,18.37
2026-04-17T00:19:27.995554,0,0,17.75,18.37
2026-04-17T00:19:30.665391,0,0,17.69,18.25
2026-04-17T00:19:33.595407,0,0,17.75,18.25
2026-04-17T00:19:36.354318,0,0,17.75,18.25
2026-04-17T00:19:39.035136,0,0,17.75,18.37
2026-04-17T00:19:41.716040,0,0,17.75,18.25
2026-04-17T00:19:44.315943,0,0,17.75,18.25
2026-04-17T00:19:46.935757,0,0,17.69,18.37
2026-04-17T00:19:49.595613,0,0,17.75,18.25
2026-04-17T00:19:52.212174,0,0,17.75,18.37
2026-04-17T00:19:54.875090,0,0,17.75,18.25
2026-04-17T00:19:57.495383,0,0,17.75,18.25
2026-04-17T00:20:00.095302,0,0,17.69,18.25
2026-04-17T00:20:02.835155,0,0,17.75,18.25
2026-04-17T00:20:05.815085,0,0,17.75,18.37
2026-04-17T00:20:08.414989,0,0,17.75,18.25
2026-04-17T00:20:11.154883,0,0,17.75,18.37
2026-04-17T00:20:13.765746,0,0,17.75,18.25
2026-04-17T00:20:16.375722,0,0,17.75,18.25
2026-04-17T00:20:18.965613,0,0,17.75,18.25
2026-04-17T00:20:21.655491,0,0,17.75,18.25
2026-04-17T00:20:24.275220,0,0,17.75,18.37
2026-04-17T00:20:26.933133,0,0,17.75,18.25
2026-04-17T00:20:29.534495,0,0,17.75,18.25
2026-04-17T00:20:32.215189,0,0,17.69,18.37
2026-04-17T00:20:34.815151,0,0,17.75,18.37
2026-04-17T00:20:37.514996,0,0,17.75,18.25
2026-04-17T00:20:40.094903,0,0,17.75,18.37
2026-04-17T00:20:42.713726,0,0,17.75,18.25
2026-04-17T00:20:45.614706,0,0,17.75,18.25
2026-04-17T00:20:48.234531,0,0,17.75,18.37
2026-04-17T00:20:50.894374,0,0,17.75,18.25
2026-04-17T00:20:53.493317,0,0,17.75,18.25
2026-04-17T00:20:56.115191,0,0,17.75,18.25
2026-04-17T00:20:58.695140,0,0,17.75,18.25
2026-04-17T00:21:01.295152,0,0,17.75,18.25
2026-04-17T00:21:03.895360,0,0,17.75,18.25
2026-04-17T00:21:06.794911,0,0,17.75,18.37
2026-04-17T00:21:09.414801,0,0,17.81,18.37
2026-04-17T00:21:12.314738,0,0,17.75,18.25
2026-04-17T00:21:14.914555,0,0,17.75,18.37
2026-04-17T00:21:17.594499,0,0,17.75,18.37
2026-04-17T00:21:20.434453,0,0,17.75,18.25
2026-04-17T00:21:23.115326,0,0,17.81,18.37
2026-04-17T00:21:25.735244,0,0,17.75,18.37
2026-04-17T00:21:28.314962,0,0,17.75,18.37
2026-04-17T00:21:30.994780,0,0,17.75,18.25
2026-04-17T00:21:33.594483,0,0,17.75,18.25
2026-04-17T00:21:36.291566,0,0,17.75,18.25
2026-04-17T00:21:38.894363,0,0,17.75,18.37
2026-04-17T00:21:41.472361,0,0,17.75,18.37
2026-04-17T00:21:44.074187,0,0,17.75,18.37
2026-04-17T00:21:46.673053,0,0,17.75,18.25
2026-04-17T00:21:49.658268,0,0,17.75,18.25
2026-04-17T00:21:52.552223,0,0,17.81,18.25
2026-04-17T00:21:55.631938,0,0,17.81,18.37
2026-04-17T00:21:58.253703,0,0,17.81,18.25
2026-04-17T00:22:00.833657,0,0,17.75,18.37
2026-04-17T00:22:03.592793,0,0,17.75,18.25
2026-04-17T00:22:06.354500,0,0,17.75,18.25
2026-04-17T00:22:08.954287,0,0,17.81,18.37
2026-04-17T00:22:11.614184,0,0,17.75,18.25
2026-04-17T00:22:14.594161,0,0,17.81,18.37
2026-04-17T00:22:17.213942,0,0,17.81,18.37
2026-04-17T00:22:19.813894,0,0,17.75,18.37
2026-04-17T00:22:22.413678,0,0,17.75,18.25
2026-04-17T00:22:25.171709,0,0,17.75,18.25
2026-04-17T00:22:27.993548,0,0,17.81,18.37
2026-04-17T00:22:30.614502,0,0,17.81,18.37
2026-04-17T00:22:33.194373,0,0,17.75,18.37
2026-04-17T00:22:35.954336,0,0,17.75,18.37
2026-04-17T00:22:38.554218,0,0,17.75,18.37
2026-04-17T00:22:41.154247,0,0,17.75,18.25
2026-04-17T00:22:44.134008,0,0,17.75,18.25
2026-04-17T00:22:46.911903,0,0,17.81,18.37
2026-04-17T00:22:49.593888,0,0,17.81,18.37
2026-04-17T00:22:52.433719,0,0,17.75,18.37
2026-04-17T00:22:55.112651,0,0,17.81,18.37
2026-04-17T00:22:57.713533,0,0,17.75,18.25
2026-04-17T00:23:00.694536,0,0,17.75,18.37
2026-04-17T00:23:03.374347,0,0,17.87,18.37
2026-04-17T00:23:05.973242,0,0,17.75,18.37
2026-04-17T00:23:08.574117,0,0,17.75,18.37
2026-04-17T00:23:11.254069,0,0,17.75,18.37
2026-04-17T00:23:13.853898,0,0,17.75,18.37
2026-04-17T00:23:16.443942,0,0,17.75,18.37
2026-04-17T00:23:19.133675,0,0,17.75,18.37
2026-04-17T00:23:21.753626,0,0,17.81,18.37
2026-04-17T00:23:24.352428,0,0,17.75,18.37
2026-04-17T00:23:26.933472,0,0,17.75,18.25
2026-04-17T00:23:29.532337,0,0,17.75,18.37
2026-04-17T00:23:32.273329,0,0,17.75,18.37
2026-04-17T00:23:35.114167,0,0,17.81,18.37
2026-04-17T00:23:38.094126,0,0,17.81,18.37
2026-04-17T00:23:40.693974,0,0,17.81,18.25
2026-04-17T00:23:43.313994,0,0,17.81,18.37
2026-04-17T00:23:45.913282,0,0,17.81,18.37
2026-04-17T00:23:48.573729,0,0,17.75,18.37
2026-04-17T00:23:51.193548,0,0,17.75,18.37
2026-04-17T00:23:53.793494,0,0,17.75,18.37
2026-04-17T00:23:56.383503,0,0,17.75,18.25
2026-04-17T00:23:58.992414,0,0,17.75,18.37
2026-04-17T00:24:01.663298,0,0,17.75,18.37
2026-04-17T00:24:04.272180,0,0,17.75,18.37
2026-04-17T00:24:07.034100,0,0,17.81,18.37
2026-04-17T00:24:09.934081,0,0,17.81,18.37
2026-04-17T00:24:12.613948,0,0,17.81,18.37
2026-04-17T00:24:15.453870,0,0,17.75,18.25
2026-04-17T00:24:18.053679,0,0,17.75,18.37
2026-04-17T00:24:20.665679,0,0,17.75,18.37
2026-04-17T00:24:23.573601,0,0,17.75,18.37
2026-04-17T00:24:26.353465,0,0,17.81,18.37
2026-04-17T00:24:28.953387,0,0,17.81,18.25
2026-04-17T00:24:31.573299,0,0,17.81,18.37
2026-04-17T00:24:34.173163,0,0,17.75,18.37
2026-04-17T00:24:36.773119,0,0,17.81,18.37
2026-04-17T00:24:39.694053,0,0,17.81,18.37
2026-04-17T00:24:42.293994,0,0,17.87,18.37
2026-04-17T00:24:44.903850,0,0,17.75,18.37
2026-04-17T00:24:47.513664,0,0,17.75,18.37
2026-04-17T00:24:50.092622,0,0,17.81,18.37
2026-04-17T00:24:52.693579,0,0,17.81,18.37
2026-04-17T00:24:55.373515,0,0,17.75,18.37
2026-04-17T00:24:58.273413,0,0,17.81,18.25
2026-04-17T00:25:00.872289,0,0,17.81,18.37
2026-04-17T00:25:03.793217,0,0,17.81,18.37
2026-04-17T00:25:06.393129,0,0,17.81,18.25
2026-04-17T00:25:09.073016,0,0,17.81,18.37
2026-04-17T00:25:11.812992,0,0,17.81,18.37
2026-04-17T00:25:14.413884,0,0,17.81,18.37
2026-04-17T00:25:17.033666,0,0,17.75,18.37
2026-04-17T00:25:19.613630,0,0,17.81,18.37
2026-04-17T00:25:22.212586,0,0,17.81,18.37
2026-04-17T00:25:24.814254,0,0,17.75,18.25
2026-04-17T00:25:27.572637,0,0,17.81,18.37
2026-04-17T00:25:30.392566,0,0,17.81,18.37
2026-04-17T00:25:33.013514,0,0,17.81,18.37
2026-04-17T00:25:35.613457,0,0,17.81,18.25
2026-04-17T00:25:38.513387,0,0,17.75,18.37
2026-04-17T00:25:41.113360,0,0,17.81,18.37
2026-04-17T00:25:43.731157,0,0,17.81,18.37
2026-04-17T00:25:46.633109,0,0,17.81,18.37
2026-04-17T00:25:49.254153,0,0,17.81,18.37
2026-04-17T00:25:51.853958,0,0,17.75,18.37
2026-04-17T00:25:54.833760,0,0,17.75,18.37
2026-04-17T00:25:57.593613,0,0,17.81,18.37
2026-04-17T00:26:00.192667,0,0,17.81,18.37
2026-04-17T00:26:03.012473,0,0,17.81,18.37
2026-04-17T00:26:05.633425,0,0,17.81,18.37
2026-04-17T00:26:08.229800,0,0,17.81,18.37
2026-04-17T00:26:11.211322,0,0,17.81,18.37
2026-04-17T00:26:13.803271,0,0,17.81,18.37
2026-04-17T00:26:16.413160,0,0,17.81,18.37
2026-04-17T00:26:19.033012,0,0,17.81,18.37
2026-04-17T00:26:21.773999,0,0,17.81,18.37
2026-04-17T00:26:24.372822,0,0,17.81,18.37
2026-04-17T00:26:26.972683,0,0,17.75,18.37
2026-04-17T00:26:29.893550,0,0,17.81,18.37
2026-04-17T00:26:32.873466,0,0,17.87,18.37
2026-04-17T00:26:35.552401,0,0,17.81,18.37
2026-04-17T00:26:38.153414,0,0,17.81,18.37
2026-04-17T00:26:40.743430,0,0,17.81,18.37
2026-04-17T00:26:43.433296,0,0,17.81,18.37
2026-04-17T00:26:46.033169,0,0,17.81,18.37
2026-04-17T00:26:48.711491,0,0,17.81,18.37
2026-04-17T00:26:51.313050,0,0,17.81,18.37
2026-04-17T00:26:54.053981,0,0,17.81,18.37
2026-04-17T00:26:56.673908,0,0,17.87,18.37
2026-04-17T00:26:59.352449,0,0,17.81,18.37
2026-04-17T00:27:01.933685,0,0,17.81,18.37
2026-04-17T00:27:04.611483,0,0,17.81,18.37
2026-04-17T00:27:07.372455,0,0,17.81,18.37
2026-04-17T00:27:09.972566,0,0,17.81,18.37
2026-04-17T00:27:12.573386,0,0,17.81,18.37
2026-04-17T00:27:15.553252,0,0,17.81,18.37
2026-04-17T00:27:18.153107,0,0,17.81,18.37
2026-04-17T00:27:20.833051,0,0,17.81,18.37
2026-04-17T00:27:23.452943,0,0,17.81,18.37
2026-04-17T00:27:26.354163,0,0,17.81,18.37
2026-04-17T00:27:29.252704,0,0,17.81,18.37
2026-04-17T00:27:31.872657,0,0,17.81,18.37
2026-04-17T00:27:34.533461,0,0,17.81,18.25
2026-04-17T00:27:37.153302,0,0,17.81,18.37
2026-04-17T00:27:39.752314,0,0,17.81,18.37
2026-04-17T00:27:42.352239,0,0,17.81,18.37
2026-04-17T00:27:44.973272,0,0,17.81,18.37
2026-04-17T00:27:47.571124,0,0,17.81,18.37
2026-04-17T00:27:50.163350,0,0,17.81,18.37
2026-04-17T00:27:53.013055,0,0,17.81,18.37
2026-04-17T00:27:55.612990,0,0,17.87,18.37
2026-04-17T00:27:58.772936,0,0,17.87,18.37
2026-04-17T00:28:01.391844,0,0,17.87,18.5
2026-04-17T00:28:03.963760,0,0,17.81,18.37
2026-04-17T00:28:06.571780,0,0,17.81,18.37
2026-04-17T00:28:09.173296,0,0,17.81,18.37
2026-04-17T00:28:12.071136,0,0,17.87,18.37
2026-04-17T00:28:14.692450,0,0,17.87,18.37
2026-04-17T00:28:17.272916,0,0,17.81,18.37
2026-04-17T00:28:19.951805,0,0,17.81,18.37
2026-04-17T00:28:22.572698,0,0,17.81,18.37
2026-04-17T00:28:25.151567,0,0,17.81,18.37
2026-04-17T00:28:27.911650,0,0,17.81,18.37
2026-04-17T00:28:30.892383,0,0,17.87,18.37
2026-04-17T00:28:33.492360,0,0,17.87,18.37
2026-04-17T00:28:36.173182,0,0,17.87,18.37
2026-04-17T00:28:38.793117,0,0,17.87,18.37
2026-04-17T00:28:41.453070,0,0,17.81,18.37
2026-04-17T00:28:44.072989,0,0,17.81,18.37
2026-04-17T00:28:46.672962,0,0,17.81,18.37
2026-04-17T00:28:49.332858,0,0,17.81,18.37
2026-04-17T00:28:51.952696,0,0,17.81,18.37
2026-04-17T00:28:54.612626,0,0,17.81,18.37
2026-04-17T00:28:57.232557,0,0,17.87,18.37
2026-04-17T00:28:59.832496,0,0,17.87,18.37
2026-04-17T00:29:02.572402,0,0,17.81,18.37
2026-04-17T00:29:05.172306,0,0,17.87,18.37
2026-04-17T00:29:07.932222,0,0,17.81,18.37
2026-04-17T00:29:10.523189,0,0,17.87,18.37
2026-04-17T00:29:13.433079,0,0,17.81,18.37
2026-04-17T00:29:16.052988,0,0,17.81,18.37
2026-04-17T00:29:18.712919,0,0,17.81,18.37
2026-04-17T00:29:21.412439,0,0,17.87,18.37
2026-04-17T00:29:24.231781,0,0,17.87,18.37
2026-04-17T00:29:26.852650,0,0,17.87,18.37
2026-04-17T00:29:29.512668,0,0,17.87,18.37
2026-04-17T00:29:32.590607,0,0,17.87,18.37
2026-04-17T00:29:35.331443,0,0,17.87,18.37
2026-04-17T00:29:38.072290,0,0,17.87,18.37
2026-04-17T00:29:40.683307,0,0,17.87,18.37
2026-04-17T00:29:43.593227,0,0,17.81,18.37
2026-04-17T00:29:46.212561,0,0,17.87,18.37
2026-04-17T00:29:48.793068,0,0,17.81,18.37
2026-04-17T00:29:51.472954,0,0,17.81,18.37
2026-04-17T00:29:54.222966,0,0,17.87,18.5
2026-04-17T00:29:56.891903,0,0,17.87,18.37
2026-04-17T00:29:59.650749,0,0,17.81,18.37
2026-04-17T00:30:02.252614,0,0,17.87,18.37
2026-04-17T00:30:04.852510,0,0,17.81,18.37
2026-04-17T00:30:07.752418,0,0,17.87,18.37
2026-04-17T00:30:10.492311,0,0,17.87,18.37
2026-04-17T00:30:13.112286,0,0,17.87,18.37
2026-04-17T00:30:15.713154,0,0,17.87,18.37
2026-04-17T00:30:18.452053,0,0,17.87,18.37
2026-04-17T00:30:21.073086,0,0,17.87,18.37
2026-04-17T00:30:23.732962,0,0,17.87,18.37
2026-04-17T00:30:26.352793,0,0,17.87,18.37
2026-04-17T00:30:28.952370,0,0,17.87,18.37
2026-04-17T00:30:31.532665,0,0,17.81,18.37
2026-04-17T00:30:34.292553,0,0,17.87,18.37
2026-04-17T00:30:37.052486,0,0,17.87,18.37
2026-04-17T00:30:39.871507,0,0,17.87,18.37
2026-04-17T00:30:42.472342,0,0,17.87,18.37
2026-04-17T00:30:45.072265,0,0,17.87,18.37
2026-04-17T00:30:47.672243,0,0,17.87,18.37
2026-04-17T00:30:50.333046,0,0,17.87,18.37
2026-04-17T00:30:53.313022,0,0,17.87,18.37
2026-04-17T00:30:55.973220,0,0,17.87,18.37
2026-04-17T00:30:58.581065,0,0,17.87,18.37
2026-04-17T00:31:01.190974,0,0,17.87,18.37
2026-04-17T00:31:03.802833,0,0,17.87,18.37
2026-04-17T00:31:06.352679,0,0,17.87,18.37
2026-04-17T00:31:08.932706,0,0,17.87,18.37
2026-04-17T00:31:11.532571,0,0,17.81,18.37
2026-04-17T00:31:14.132536,0,0,17.87,18.37
2026-04-17T00:31:16.722432,0,0,17.87,18.37
2026-04-17T00:31:19.332331,0,0,17.87,18.37
2026-04-17T00:31:22.013250,0,0,17.87,18.37
2026-04-17T00:31:24.752221,0,0,17.87,18.37
2026-04-17T00:31:27.593120,0,0,17.94,18.37
2026-04-17T00:31:30.273101,0,0,17.94,18.37
2026-04-17T00:31:32.892968,0,0,17.87,18.5
2026-04-17T00:31:35.452914,0,0,17.87,18.37
2026-04-17T00:31:38.062874,0,0,17.87,18.37
2026-04-17T00:31:40.672643,0,0,17.87,18.37
2026-04-17T00:31:43.242682,0,0,17.87,18.5
2026-04-17T00:31:45.912596,0,0,17.87,18.37
2026-04-17T00:31:48.532540,0,0,17.87,18.37
2026-04-17T00:31:51.112387,0,0,17.87,18.37
2026-04-17T00:31:53.712510,0,0,17.87,18.37
2026-04-17T00:31:56.313525,0,0,17.87,18.37
2026-04-17T00:31:58.893418,0,0,17.87,18.37
2026-04-17T00:32:01.493134,0,0,17.87,18.37
2026-04-17T00:32:04.093077,0,0,17.87,18.5
2026-04-17T00:32:06.752984,0,0,17.87,18.37
2026-04-17T00:32:09.433136,0,0,17.94,18.37
2026-04-17T00:32:12.413032,0,0,17.87,18.37
2026-04-17T00:32:15.032549,0,0,17.87,18.5
2026-04-17T00:32:17.832882,0,0,17.87,18.37
2026-04-17T00:32:20.432827,0,0,17.94,18.37
2026-04-17T00:32:23.032723,0,0,17.87,18.37
2026-04-17T00:32:25.722744,0,0,17.87,18.37
2026-04-17T00:32:28.303679,0,0,17.87,18.5
2026-04-17T00:32:30.893544,0,0,17.87,18.37
2026-04-17T00:32:33.572402,0,0,17.87,18.37
2026-04-17T00:32:36.233317,0,0,17.87,18.5
2026-04-17T00:32:38.913282,0,0,17.94,18.37
2026-04-17T00:32:41.893187,0,0,17.87,18.37
2026-04-17T00:32:44.573119,0,0,17.87,18.5
2026-04-17T00:32:47.152996,0,0,17.87,18.37
2026-04-17T00:32:49.752944,0,0,17.87,18.37
2026-04-17T00:32:52.352898,0,0,17.94,18.37
2026-04-17T00:32:55.332815,0,0,17.94,18.37
2026-04-17T00:32:58.012709,0,0,17.87,18.37
2026-04-17T00:33:00.753598,0,0,17.87,18.37
2026-04-17T00:33:03.492462,0,0,17.87,18.5
2026-04-17T00:33:06.253197,0,0,17.87,18.37
2026-04-17T00:33:08.913325,0,0,17.94,18.37
2026-04-17T00:33:11.590893,0,0,17.87,18.5
2026-04-17T00:33:14.172334,0,0,17.94,18.37
2026-04-17T00:33:16.772309,0,0,17.87,18.5
2026-04-17T00:33:19.733076,0,0,17.87,18.5
2026-04-17T00:33:22.712969,0,0,17.94,18.5
2026-04-17T00:33:25.312892,0,0,17.87,18.37
2026-04-17T00:33:28.292829,0,0,17.94,18.37
2026-04-17T00:33:30.912642,0,0,18.0,18.5
2026-04-17T00:33:33.473635,0,0,17.87,18.5
2026-04-17T00:33:36.073568,0,0,17.94,18.37
2026-04-17T00:33:38.753450,0,0,17.94,18.37
2026-04-17T00:33:41.493189,0,0,17.87,18.37
2026-04-17T00:33:44.112257,0,0,18.0,18.5
2026-04-17T00:33:46.913221,0,0,17.94,18.5
2026-04-17T00:33:49.893181,0,0,17.94,18.37
2026-04-17T00:33:52.513085,0,0,17.94,18.5
2026-04-17T00:33:55.092990,0,0,17.94,18.5
2026-04-17T00:33:57.662961,0,0,17.94,18.37
2026-04-17T00:34:00.212871,0,0,17.94,18.5
2026-04-17T00:34:02.892806,0,0,17.87,18.37
2026-04-17T00:34:05.491799,0,0,17.94,18.37
2026-04-17T00:34:08.093578,0,0,17.94,18.5
2026-04-17T00:34:10.913550,0,0,17.94,18.5
2026-04-17T00:34:13.752342,0,0,18.0,18.5
2026-04-17T00:34:16.333218,0,0,17.94,18.5
2026-04-17T00:34:19.092612,0,0,17.87,18.5
2026-04-17T00:34:22.053034,0,0,17.94,18.37
2026-04-17T00:34:24.953063,0,0,18.0,18.37
2026-04-17T00:34:27.693090,0,0,17.94,18.37
2026-04-17T00:34:30.312914,0,0,18.0,18.5
2026-04-17T00:34:33.052914,0,0,17.94,18.5
2026-04-17T00:34:35.792737,0,0,17.94,18.5
2026-04-17T00:34:38.452687,0,0,17.94,18.5
2026-04-17T00:34:41.133583,0,0,17.94,18.37
2026-04-17T00:34:43.723552,0,0,18.0,18.5
2026-04-17T00:34:46.313523,0,0,17.94,18.37
2026-04-17T00:34:49.153275,0,0,17.94,18.5
2026-04-17T00:34:51.753308,0,0,17.94,18.5
2026-04-17T00:34:54.353335,0,0,17.94,18.37
2026-04-17T00:34:56.953232,0,0,17.94,18.5
2026-04-17T00:34:59.533053,0,0,17.94,18.5
2026-04-17T00:35:02.132077,0,0,17.94,18.5
2026-04-17T00:35:05.211187,0,0,18.0,18.37
2026-04-17T00:35:07.772881,0,0,18.0,18.5
2026-04-17T00:35:10.372555,0,0,17.94,18.37
2026-04-17T00:35:12.952673,0,0,17.94,18.5
2026-04-17T00:35:15.553776,0,0,17.94,18.5
2026-04-17T00:35:18.393539,0,0,17.94,18.37
2026-04-17T00:35:21.073261,0,0,18.0,18.5
2026-04-17T00:35:23.712296,0,0,18.0,18.37
2026-04-17T00:35:26.332585,0,0,17.94,18.5
2026-04-17T00:35:28.993069,0,0,17.94,18.5
2026-04-17T00:35:31.733175,0,0,18.0,18.5
2026-04-17T00:35:34.332843,0,0,18.0,18.37
2026-04-17T00:35:37.052654,0,0,17.94,18.5
2026-04-17T00:35:39.652621,0,0,18.0,18.37
2026-04-17T00:35:42.252519,0,0,17.94,18.37
2026-04-17T00:35:44.832395,0,0,17.94,18.5
2026-04-17T00:35:47.812375,0,0,17.94,18.5
2026-04-17T00:35:50.493283,0,0,17.94,18.5
2026-04-17T00:35:53.153136,0,0,18.0,18.5
2026-04-17T00:35:55.752105,0,0,17.94,18.5
2026-04-17T00:35:58.413050,0,0,17.94,18.5
2026-04-17T00:36:00.990150,0,0,18.0,18.5
2026-04-17T00:36:03.572879,0,0,17.94,18.37
2026-04-17T00:36:06.170854,0,0,17.94,18.5
2026-04-17T00:36:09.130751,0,0,17.94,18.5
2026-04-17T00:36:11.952698,0,0,18.0,18.5
2026-04-17T00:36:14.692561,0,0,17.94,18.5
2026-04-17T00:36:17.432455,0,0,18.0,18.37
2026-04-17T00:36:20.033379,0,0,18.0,18.5
2026-04-17T00:36:22.913336,0,0,17.94,18.5
2026-04-17T00:36:25.593294,0,0,17.94,18.5
2026-04-17T00:36:28.173144,0,0,18.0,18.5
2026-04-17T00:36:30.753048,0,0,17.94,18.5
2026-04-17T00:36:33.353042,0,0,18.0,18.5
2026-04-17T00:36:35.932027,0,0,17.94,18.5
2026-04-17T00:36:38.512832,0,0,18.0,18.5
2026-04-17T00:36:41.333172,0,0,18.0,18.5
2026-04-17T00:36:43.972689,0,0,18.0,18.5
2026-04-17T00:36:46.712640,0,0,17.94,18.5
2026-04-17T00:36:49.291617,0,0,18.0,18.5
2026-04-17T00:36:51.862556,0,0,18.0,18.5
2026-04-17T00:36:54.893092,0,0,18.0,18.37
2026-04-17T00:36:57.523724,0,0,18.0,18.5
2026-04-17T00:37:00.113418,0,0,18.0,18.5
2026-04-17T00:37:02.853395,0,0,17.94,18.5
2026-04-17T00:37:05.593410,0,0,18.0,18.5
2026-04-17T00:37:08.193298,0,0,18.0,18.5
2026-04-17T00:37:10.763295,0,0,18.0,18.5
2026-04-17T00:37:13.353287,0,0,18.0,18.5
2026-04-17T00:37:15.933386,0,0,17.94,18.5
2026-04-17T00:37:18.532338,0,0,17.94,18.5
2026-04-17T00:37:21.112960,0,0,17.94,18.5
2026-04-17T00:37:23.772927,0,0,17.94,18.5
2026-04-17T00:37:26.373924,0,0,18.0,18.5
2026-04-17T00:37:29.251819,0,0,18.0,18.5
2026-04-17T00:37:31.933707,0,0,18.0,18.5
2026-04-17T00:37:34.733501,0,0,17.94,18.5
2026-04-17T00:37:37.713442,0,0,18.0,18.5
2026-04-17T00:37:40.313703,0,0,18.06,18.5
2026-04-17T00:37:43.033293,0,0,18.0,18.5
2026-04-17T00:37:45.633373,0,0,18.0,18.5
2026-04-17T00:37:48.513360,0,0,18.0,18.5
2026-04-17T00:37:51.113250,0,0,18.0,18.5
2026-04-17T00:37:53.993156,0,0,17.94,18.5
2026-04-17T00:37:56.732269,0,0,18.0,18.5
2026-04-17T00:37:59.334083,0,0,18.0,18.5
2026-04-17T00:38:01.913937,0,0,17.94,18.5
2026-04-17T00:38:04.492727,0,0,18.0,18.5
2026-04-17T00:38:07.073699,0,0,18.0,18.5
2026-04-17T00:38:09.733526,0,0,18.0,18.5
2026-04-17T00:38:12.313435,0,0,18.0,18.5
2026-04-17T00:38:14.892125,0,0,18.0,18.5
2026-04-17T00:38:17.933023,0,0,18.0,18.5
2026-04-17T00:38:20.513023,0,0,17.94,18.5
2026-04-17T00:38:23.092890,0,0,17.94,18.5
2026-04-17T00:38:25.692823,0,0,18.0,18.5
2026-04-17T00:38:28.271887,0,0,18.0,18.5
2026-04-17T00:38:30.872709,0,0,18.0,18.5
2026-04-17T00:38:33.423657,0,0,18.0,18.5
2026-04-17T00:38:36.032740,0,0,18.0,18.5
2026-04-17T00:38:38.613995,0,0,18.0,18.5
2026-04-17T00:38:41.253941,0,0,17.94,18.5
2026-04-17T00:38:43.854051,0,0,18.0,18.5
2026-04-17T00:38:46.594352,0,0,18.0,18.5
2026-04-17T00:38:49.573203,0,0,18.0,18.5
2026-04-17T00:38:52.153251,0,0,18.0,18.5
2026-04-17T00:38:54.893398,0,0,17.94,18.5
2026-04-17T00:38:57.554550,0,0,18.0,18.5
2026-04-17T00:39:00.134667,0,0,18.0,18.5
2026-04-17T00:39:02.734702,0,0,18.0,18.5
2026-04-17T00:39:05.453739,0,0,18.0,18.5
2026-04-17T00:39:08.035777,0,0,18.0,18.5
2026-04-17T00:39:10.614888,0,0,18.0,18.5
2026-04-17T00:39:13.173597,0,0,18.0,18.5
2026-04-17T00:39:15.756288,0,0,18.0,18.5
2026-04-17T00:39:18.416535,0,0,18.0,18.5
2026-04-17T00:39:21.018160,0,0,18.0,18.5
2026-04-17T00:39:23.996403,0,0,18.0,18.5
2026-04-17T00:39:26.736560,0,0,18.06,18.5
2026-04-17T00:39:29.336626,0,0,18.0,18.5
2026-04-17T00:39:32.056721,0,0,18.0,18.5
2026-04-17T00:39:34.796746,0,0,18.0,18.5
2026-04-17T00:39:37.376877,0,0,18.0,18.5
2026-04-17T00:39:39.957001,0,0,18.0,18.5
2026-04-17T00:39:42.538124,0,0,18.0,18.5
2026-04-17T00:39:45.258134,0,0,18.0,18.5
2026-04-17T00:39:47.838839,0,0,18.0,18.5
2026-04-17T00:39:50.638421,0,0,18.0,18.5
2026-04-17T00:39:53.240764,0,0,18.06,18.5
2026-04-17T00:39:56.118603,0,0,18.0,18.5
2026-04-17T00:39:58.937594,0,0,18.0,18.5
2026-04-17T00:40:01.678710,0,0,18.06,18.5
2026-04-17T00:40:04.338771,0,0,18.0,18.5
2026-04-17T00:40:06.918876,0,0,18.0,18.5
2026-04-17T00:40:09.508838,0,0,18.0,18.5
2026-04-17T00:40:12.158104,0,0,18.06,18.5
2026-04-17T00:40:14.760012,0,0,18.0,18.5
2026-04-17T00:40:17.338203,0,0,18.0,18.5
2026-04-17T00:40:19.938418,0,0,18.0,18.5
2026-04-17T00:40:22.660242,0,0,18.0,18.5
2026-04-17T00:40:25.340180,0,0,18.0,18.5
2026-04-17T00:40:27.979439,0,0,18.0,18.5
2026-04-17T00:40:30.720526,0,0,18.0,18.37
2026-04-17T00:40:33.319586,0,0,18.0,18.5
2026-04-17T00:40:35.959587,0,0,18.0,18.5
2026-04-17T00:40:38.560745,0,0,18.0,18.5
2026-04-17T00:40:41.140675,0,0,18.0,18.5
2026-04-17T00:40:43.740722,0,0,18.0,18.5
2026-04-17T00:40:46.320853,0,0,18.0,18.5
2026-04-17T00:40:48.920879,0,0,18.0,18.5
2026-04-17T00:40:51.582083,0,0,18.06,18.5
2026-04-17T00:40:54.162051,0,0,18.06,18.5
2026-04-17T00:40:56.902126,0,0,18.0,18.5
2026-04-17T00:40:59.482270,0,0,18.06,18.5
2026-04-17T00:41:02.082232,0,0,18.0,18.5
2026-04-17T00:41:04.801265,0,0,18.0,18.5
2026-04-17T00:41:07.542458,0,0,18.06,18.5
2026-04-17T00:41:10.122456,0,0,18.06,18.5
2026-04-17T00:41:12.862563,0,0,18.0,18.5
2026-04-17T00:41:15.441609,0,0,18.06,18.5
2026-04-17T00:41:18.102612,0,0,18.0,18.5
2026-04-17T00:41:20.983700,0,0,18.0,18.5
2026-04-17T00:41:23.583796,0,0,18.0,18.5
2026-04-17T00:41:26.184002,0,0,18.0,18.5
2026-04-17T00:41:28.742997,0,0,18.0,18.5
2026-04-17T00:41:31.324406,0,0,18.0,18.5
2026-04-17T00:41:33.904241,0,0,18.0,18.5
2026-04-17T00:41:36.524440,0,0,18.0,18.5
2026-04-17T00:41:39.364541,0,0,18.06,18.5
2026-04-17T00:41:41.944628,0,0,18.06,18.5
2026-04-17T00:41:44.604722,0,0,18.0,18.5
2026-04-17T00:41:47.204701,0,0,18.0,18.5
2026-04-17T00:41:49.923779,0,0,18.0,18.62
2026-04-17T00:41:52.522786,0,0,18.06,18.5
2026-04-17T00:41:55.126018,0,0,18.06,18.5
2026-04-17T00:41:57.704966,0,0,18.0,18.5
2026-04-17T00:42:00.306100,0,0,18.0,18.5
2026-04-17T00:42:02.886131,0,0,18.0,18.5
2026-04-17T00:42:05.766161,0,0,18.0,18.5
2026-04-17T00:42:08.365075,0,0,18.06,18.62
2026-04-17T00:42:11.185244,0,0,18.0,18.5
2026-04-17T00:42:13.766529,0,0,18.0,18.5
2026-04-17T00:42:16.566408,0,0,18.0,18.5
2026-04-17T00:42:19.246441,0,0,18.06,18.5
2026-04-17T00:42:21.806507,0,0,18.0,18.62
2026-04-17T00:42:24.405585,0,0,18.0,18.5
2026-04-17T00:42:27.007593,0,0,18.06,18.5
2026-04-17T00:42:29.567635,0,0,18.0,18.5
2026-04-17T00:42:32.147702,0,0,18.06,18.5
2026-04-17T00:42:34.807694,0,0,18.0,18.5
2026-04-17T00:42:37.387734,0,0,18.0,18.5
2026-04-17T00:42:39.967846,0,0,18.0,18.5
2026-04-17T00:42:42.627839,0,0,18.0,18.5
2026-04-17T00:42:45.206052,0,0,18.0,18.5
2026-04-17T00:42:47.787940,0,0,18.0,18.5
2026-04-17T00:42:50.446893,0,0,18.0,18.5
2026-04-17T00:42:53.027982,0,0,18.0,18.5
2026-04-17T00:42:55.607995,0,0,18.0,18.5
2026-04-17T00:42:58.188011,0,0,18.0,18.5
2026-04-17T00:43:00.759114,0,0,18.0,18.5
2026-04-17T00:43:03.348134,0,0,18.0,18.5
2026-04-17T00:43:05.929181,0,0,18.06,18.5
2026-04-17T00:43:08.499188,0,0,18.0,18.5
2026-04-17T00:43:11.169250,0,0,18.06,18.5
2026-04-17T00:43:13.749287,0,0,18.06,18.5
2026-04-17T00:43:16.548351,0,0,18.0,18.5
2026-04-17T00:43:19.529319,0,0,18.06,18.5
2026-04-17T00:43:22.099489,0,0,18.06,18.5
2026-04-17T00:43:24.768492,0,0,18.06,18.5
2026-04-17T00:43:27.339596,0,0,18.06,18.5
2026-04-17T00:43:30.009582,0,0,18.0,18.5
2026-04-17T00:43:32.609644,0,0,18.0,18.62
2026-04-17T00:43:35.190678,0,0,18.06,18.5
2026-04-17T00:43:37.790642,0,0,18.0,18.5
2026-04-17T00:43:40.390544,0,0,18.06,18.5
2026-04-17T00:43:42.970537,0,0,18.0,18.5
2026-04-17T00:43:45.550726,0,0,18.0,18.5
2026-04-17T00:43:48.130505,0,0,18.0,18.5
2026-04-17T00:43:50.951023,0,0,18.06,18.5
2026-04-17T00:43:53.611099,0,0,18.06,18.5
2026-04-17T00:43:56.410904,0,0,18.06,18.5
2026-04-17T00:43:59.389978,0,0,18.06,18.5
2026-04-17T00:44:01.990978,0,0,18.12,18.5
2026-04-17T00:44:04.671098,0,0,18.06,18.5
2026-04-17T00:44:07.252010,0,0,18.06,18.62
2026-04-17T00:44:09.852059,0,0,18.0,18.5
2026-04-17T00:44:12.452145,0,0,18.06,18.5
2026-04-17T00:44:15.032019,0,0,18.0,18.5
2026-04-17T00:44:17.632059,0,0,18.0,18.62
2026-04-17T00:44:20.232311,0,0,18.06,18.5
2026-04-17T00:44:22.951901,0,0,18.06,18.5
2026-04-17T00:44:25.551968,0,0,18.06,18.5
2026-04-17T00:44:28.151978,0,0,18.0,18.5
2026-04-17T00:44:30.711993,0,0,18.06,18.5
2026-04-17T00:44:33.752109,0,0,18.06,18.5
2026-04-17T00:44:36.352060,0,0,18.06,18.62
2026-04-17T00:44:39.031056,0,0,18.06,18.5
2026-04-17T00:44:41.613026,0,0,18.06,18.5
2026-04-17T00:44:44.273029,0,0,18.06,18.5
2026-04-17T00:44:47.033112,0,0,18.0,18.5
2026-04-17T00:44:49.613156,0,0,18.06,18.5
2026-04-17T00:44:52.213153,0,0,18.06,18.5
2026-04-17T00:44:55.013269,0,0,18.06,18.5
2026-04-17T00:44:57.693263,0,0,18.06,18.62
2026-04-17T00:45:00.493315,0,0,18.06,18.5
2026-04-17T00:45:03.093285,0,0,18.06,18.5
2026-04-17T00:45:05.673459,0,0,18.0,18.5
2026-04-17T00:45:08.411353,0,0,18.0,18.62
2026-04-17T00:45:11.153355,0,0,18.06,18.5
2026-04-17T00:45:13.914463,0,0,18.06,18.62
2026-04-17T00:45:16.634518,0,0,18.06,18.5
2026-04-17T00:45:19.614651,0,0,18.06,18.5
2026-04-17T00:45:22.211766,0,0,18.0,18.62
2026-04-17T00:45:25.036880,0,0,18.06,18.5
2026-04-17T00:45:27.636638,0,0,18.06,18.5
2026-04-17T00:45:30.374504,0,0,18.06,18.5
2026-04-17T00:45:32.974668,0,0,18.06,18.5
2026-04-17T00:45:35.574632,0,0,18.06,18.5
2026-04-17T00:45:38.154684,0,0,18.0,18.5
2026-04-17T00:45:40.733624,0,0,18.06,18.5
2026-04-17T00:45:43.413570,0,0,18.06,18.5
2026-04-17T00:45:46.214754,0,0,18.06,18.5
2026-04-17T00:45:48.955800,0,0,18.06,18.5
2026-04-17T00:45:51.553781,0,0,18.06,18.5
2026-04-17T00:45:54.155747,0,0,18.06,18.5
2026-04-17T00:45:56.735749,0,0,18.0,18.5
2026-04-17T00:45:59.314406,0,0,18.06,18.5
2026-04-17T00:46:01.914822,0,0,18.06,18.62
2026-04-17T00:46:04.515696,0,0,18.06,18.5
2026-04-17T00:46:07.075275,0,0,18.0,18.62
2026-04-17T00:46:09.976262,0,0,18.06,18.62
2026-04-17T00:46:12.576391,0,0,18.06,18.5
2026-04-17T00:46:15.536282,0,0,18.06,18.5
2026-04-17T00:46:18.296254,0,0,18.06,18.5
2026-04-17T00:46:21.017210,0,0,18.06,18.5
2026-04-17T00:46:23.617236,0,0,18.0,18.5
2026-04-17T00:46:26.216874,0,0,18.06,18.5
2026-04-17T00:46:28.797275,0,0,18.06,18.5
2026-04-17T00:46:31.397313,0,0,18.06,18.62
2026-04-17T00:46:33.997356,0,0,18.06,18.5
2026-04-17T00:46:36.576538,0,0,18.0,18.5
2026-04-17T00:46:39.397426,0,0,18.0,18.62
2026-04-17T00:46:41.987445,0,0,18.06,18.5
2026-04-17T00:46:44.577386,0,0,18.06,18.62
2026-04-17T00:46:47.177353,0,0,18.06,18.5
2026-04-17T00:46:49.837404,0,0,18.06,18.5
2026-04-17T00:46:52.418422,0,0,18.06,18.62
2026-04-17T00:46:55.097371,0,0,18.06,18.5
2026-04-17T00:46:57.678418,0,0,18.06,18.5
2026-04-17T00:47:00.417290,0,0,18.0,18.5
2026-04-17T00:47:03.218351,0,0,18.06,18.5
2026-04-17T00:47:05.898277,0,0,18.06,18.5
2026-04-17T00:47:08.478317,0,0,18.06,18.5
2026-04-17T00:47:11.378523,0,0,18.0,18.62
2026-04-17T00:47:13.958491,0,0,18.06,18.62
2026-04-17T00:47:16.638490,0,0,18.06,18.5
2026-04-17T00:47:19.218474,0,0,18.06,18.62
2026-04-17T00:47:21.798486,0,0,18.06,18.5
2026-04-17T00:47:24.476538,0,0,18.0,18.62
2026-04-17T00:47:27.079540,0,0,18.06,18.62
2026-04-17T00:47:29.759555,0,0,18.06,18.5
2026-04-17T00:47:32.349421,0,0,18.06,18.62
2026-04-17T00:47:35.239436,0,0,18.06,18.5
2026-04-17T00:47:37.839443,0,0,18.06,18.5
2026-04-17T00:47:40.419388,0,0,18.06,18.62
2026-04-17T00:47:43.019502,0,0,18.0,18.5
2026-04-17T00:47:45.978679,0,0,18.0,18.62
2026-04-17T00:47:48.579566,0,0,18.06,18.62
2026-04-17T00:47:51.179623,0,0,18.06,18.5
2026-04-17T00:47:53.759567,0,0,18.06,18.5
2026-04-17T00:47:56.359666,0,0,18.06,18.5
2026-04-17T00:47:59.019644,0,0,18.06,18.5
2026-04-17T00:48:01.619995,0,0,18.06,18.62
2026-04-17T00:48:04.280255,0,0,18.06,18.62
2026-04-17T00:48:06.960324,0,0,18.06,18.5
2026-04-17T00:48:09.700260,0,0,18.06,18.62
2026-04-17T00:48:12.679865,0,0,18.06,18.62
2026-04-17T00:48:15.440319,0,0,18.06,18.5
2026-04-17T00:48:18.019263,0,0,18.12,18.5
2026-04-17T00:48:20.840297,0,0,18.06,18.5
2026-04-17T00:48:23.880207,0,0,18.06,18.62
2026-04-17T00:48:26.860286,0,0,18.06,18.62
2026-04-17T00:48:29.699230,0,0,18.0,18.5
2026-04-17T00:48:32.280189,0,0,18.06,18.62
2026-04-17T00:48:35.021187,0,0,18.0,18.5
2026-04-17T00:48:37.591238,0,0,18.06,18.62
2026-04-17T00:48:40.201320,0,0,18.0,18.62
2026-04-17T00:48:42.791396,0,0,18.06,18.62
2026-04-17T00:48:45.401254,0,0,18.06,18.5
2026-04-17T00:48:48.481183,0,0,18.06,18.62
2026-04-17T00:48:51.099537,0,0,18.06,18.62
2026-04-17T00:48:53.701661,0,0,18.0,18.62
2026-04-17T00:48:56.281627,0,0,18.06,18.62
2026-04-17T00:48:58.961639,0,0,18.06,18.5
2026-04-17T00:49:01.541629,0,0,18.06,18.5
2026-04-17T00:49:04.501630,0,0,18.06,18.5
2026-04-17T00:49:07.082634,0,0,18.06,18.62
2026-04-17T00:49:09.760654,0,0,18.06,18.62
2026-04-17T00:49:12.422578,0,0,18.06,18.5
2026-04-17T00:49:15.002657,0,0,18.06,18.62
2026-04-17T00:49:17.761458,0,0,18.06,18.5
2026-04-17T00:49:20.362690,0,0,18.06,18.62
2026-04-17T00:49:22.942761,0,0,18.06,18.5
2026-04-17T00:49:25.542711,0,0,18.06,18.62
2026-04-17T00:49:28.142632,0,0,18.06,18.62
2026-04-17T00:49:30.722754,0,0,18.06,18.5
2026-04-17T00:49:33.322650,0,0,18.06,18.5
2026-04-17T00:49:35.900462,0,0,18.06,18.5
2026-04-17T00:49:38.482583,0,0,18.06,18.62
2026-04-17T00:49:41.083632,0,0,18.06,18.5
2026-04-17T00:49:43.763564,0,0,18.06,18.5
2026-04-17T00:49:46.503414,0,0,18.06,18.62
2026-04-17T00:49:49.163345,0,0,18.12,18.5
2026-04-17T00:49:52.162890,0,0,18.06,18.5
2026-04-17T00:49:54.742433,0,0,18.06,18.62
2026-04-17T00:49:57.403525,0,0,18.06,18.5
2026-04-17T00:50:00.083441,0,0,18.06,18.5
2026-04-17T00:50:02.663531,0,0,18.06,18.62
2026-04-17T00:50:05.342501,0,0,18.06,18.5
2026-04-17T00:50:07.923472,0,0,18.06,18.62
2026-04-17T00:50:10.743540,0,0,18.06,18.62
2026-04-17T00:50:13.344450,0,0,18.06,18.5
2026-04-17T00:50:15.924420,0,0,18.06,18.62
2026-04-17T00:50:18.524480,0,0,18.06,18.5
2026-04-17T00:50:21.124447,0,0,18.06,18.62
2026-04-17T00:50:23.704424,0,0,18.06,18.5
2026-04-17T00:50:26.304476,0,0,18.06,18.62
2026-04-17T00:50:28.984437,0,0,18.06,18.62
2026-04-17T00:50:31.564448,0,0,18.06,18.62
2026-04-17T00:50:34.324492,0,0,18.06,18.5
2026-04-17T00:50:36.904347,0,0,18.12,18.62
2026-04-17T00:50:39.604445,0,0,18.06,18.62
2026-04-17T00:50:42.264375,0,0,18.12,18.62
2026-04-17T00:50:45.024472,0,0,18.06,18.62
2026-04-17T00:50:47.765383,0,0,18.06,18.62
2026-04-17T00:50:50.445367,0,0,18.06,18.62
2026-04-17T00:50:53.045311,0,0,18.06,18.62
2026-04-17T00:50:55.645418,0,0,18.06,18.5
2026-04-17T00:50:58.245382,0,0,18.06,18.62
2026-04-17T00:51:00.925352,0,0,18.06,18.62
2026-04-17T00:51:03.504472,0,0,18.06,18.62
2026-04-17T00:51:06.185291,0,0,18.06,18.62
2026-04-17T00:51:08.785320,0,0,18.06,18.62
2026-04-17T00:51:11.365367,0,0,18.06,18.62
2026-04-17T00:51:14.405342,0,0,18.06,18.62
2026-04-17T00:51:17.385269,0,0,18.0,18.62
2026-04-17T00:51:19.986456,0,0,18.06,18.62
2026-04-17T00:51:22.586388,0,0,18.06,18.62
2026-04-17T00:51:25.166161,0,0,18.06,18.62
2026-04-17T00:51:27.846073,0,0,18.06,18.62
2026-04-17T00:51:30.664234,0,0,18.12,18.62
2026-04-17T00:51:33.265472,0,0,18.06,18.5
2026-04-17T00:51:35.816132,0,0,18.06,18.62
2026-04-17T00:51:38.746122,0,0,18.06,18.62
2026-04-17T00:51:41.486227,0,0,18.06,18.62
2026-04-17T00:51:44.096145,0,0,18.06,18.62
2026-04-17T00:51:46.676182,0,0,18.06,18.62
2026-04-17T00:51:49.266156,0,0,18.06,18.5
2026-04-17T00:51:51.867156,0,0,18.0,18.62
2026-04-17T00:51:54.457138,0,0,18.06,18.62
2026-04-17T00:51:57.187107,0,0,18.06,18.62
2026-04-17T00:51:59.867041,0,0,18.12,18.62
2026-04-17T00:52:02.547059,0,0,18.06,18.5
2026-04-17T00:52:05.287038,0,0,18.06,18.62
2026-04-17T00:52:07.946973,0,0,18.06,18.62
2026-04-17T00:52:11.006936,0,0,18.06,18.5
2026-04-17T00:52:14.047021,0,0,18.0,18.62
2026-04-17T00:52:16.647026,0,0,18.0,18.62
2026-04-17T00:52:19.247051,0,0,18.06,18.62
2026-04-17T00:52:22.207505,0,0,18.06,18.62
2026-04-17T00:52:24.786967,0,0,18.0,18.62
2026-04-17T00:52:27.687890,0,0,18.06,18.5
2026-04-17T00:52:30.277942,0,0,18.06,18.62
2026-04-17T00:52:33.104825,0,0,18.06,18.62
2026-04-17T00:52:35.847656,0,0,18.06,18.62
2026-04-17T00:52:38.827111,0,0,18.06,18.5
2026-04-17T00:52:41.506626,0,0,18.06,18.62
2026-04-17T00:52:44.307856,0,0,18.06,18.62
2026-04-17T00:52:47.047747,0,0,18.06,18.62
2026-04-17T00:52:49.666855,0,0,18.12,18.5
2026-04-17T00:52:52.706768,0,0,18.06,18.5
2026-04-17T00:52:55.527979,0,0,18.06,18.62
2026-04-17T00:52:58.187798,0,0,18.06,18.62
2026-04-17T00:53:00.788649,0,0,18.06,18.62
2026-04-17T00:53:03.526879,0,0,18.06,18.5
2026-04-17T00:53:06.128525,0,0,18.12,18.62
2026-04-17T00:53:08.708503,0,0,18.06,18.62
2026-04-17T00:53:11.628449,0,0,18.12,18.62
2026-04-17T00:53:14.368464,0,0,18.06,18.62
2026-04-17T00:53:16.937564,0,0,18.06,18.62
2026-04-17T00:53:19.548582,0,0,18.06,18.62
2026-04-17T00:53:22.148543,0,0,18.06,18.62
2026-04-17T00:53:24.828511,0,0,18.06,18.62
2026-04-17T00:53:27.408497,0,0,18.06,18.5
2026-04-17T00:53:29.988488,0,0,18.06,18.62
2026-04-17T00:53:32.589460,0,0,18.06,18.62
2026-04-17T00:53:35.169430,0,0,18.06,18.62
2026-04-17T00:53:37.839487,0,0,18.06,18.5
2026-04-17T00:53:40.429332,0,0,18.12,18.62
2026-04-17T00:53:43.409380,0,0,18.06,18.62
2026-04-17T00:53:46.069374,0,0,18.0,18.62
2026-04-17T00:53:48.669379,0,0,18.06,18.62
2026-04-17T00:53:51.629302,0,0,18.06,18.62
2026-04-17T00:53:54.308547,0,0,18.06,18.5
2026-04-17T00:53:56.878310,0,0,18.06,18.62
2026-04-17T00:53:59.479336,0,0,18.06,18.5
2026-04-17T00:54:02.159362,0,0,18.06,18.62
2026-04-17T00:54:04.749261,0,0,18.06,18.62
2026-04-17T00:54:07.340258,0,0,18.06,18.62
2026-04-17T00:54:10.010236,0,0,18.06,18.62
2026-04-17T00:54:12.590110,0,0,18.06,18.62
2026-04-17T00:54:15.180116,0,0,18.06,18.5
2026-04-17T00:54:17.778161,0,0,18.06,18.62
2026-04-17T00:54:20.430025,0,0,18.06,18.62
2026-04-17T00:54:23.110190,0,0,18.06,18.62
2026-04-17T00:54:26.090156,0,0,18.12,18.62
2026-04-17T00:54:28.710193,0,0,18.06,18.62
2026-04-17T00:54:31.280115,0,0,18.06,18.62
2026-04-17T00:54:34.110038,0,0,18.06,18.62
2026-04-17T00:54:36.930102,0,0,18.06,18.62
2026-04-17T00:54:39.521067,0,0,18.06,18.62
2026-04-17T00:54:42.270992,0,0,18.06,18.62
2026-04-17T00:54:44.871022,0,0,18.06,18.5
2026-04-17T00:54:47.530778,0,0,18.06,18.62
2026-04-17T00:54:50.129736,0,0,18.06,18.62
2026-04-17T00:54:52.990801,0,0,18.06,18.62
2026-04-17T00:54:55.613127,0,0,18.06,18.62
2026-04-17T00:54:58.350848,0,0,18.06,18.62
2026-04-17T00:55:01.250888,0,0,18.12,18.5
2026-04-17T00:55:03.930749,0,0,18.12,18.62
2026-04-17T00:55:06.550509,0,0,18.0,18.62
2026-04-17T00:55:09.270558,0,0,18.06,18.62
2026-04-17T00:55:12.191476,0,0,18.12,18.62
2026-04-17T00:55:14.791439,0,0,18.0,18.62
2026-04-17T00:55:17.389317,0,0,18.06,18.62
2026-04-17T00:55:19.991433,0,0,18.06,18.62
2026-04-17T00:55:22.571400,0,0,18.06,18.5
2026-04-17T00:55:25.250306,0,0,18.06,18.62
2026-04-17T00:55:27.841323,0,0,18.06,18.62
2026-04-17T00:55:30.671380,0,0,18.06,18.62
2026-04-17T00:55:33.411268,0,0,18.06,18.62
2026-04-17T00:55:36.011315,0,0,18.06,18.5
2026-04-17T00:55:38.671265,0,0,18.06,18.62
2026-04-17T00:55:41.571238,0,0,18.06,18.5
2026-04-17T00:55:44.141084,0,0,18.06,18.62
2026-04-17T00:55:46.952166,0,0,18.06,18.62
2026-04-17T00:55:49.552120,0,0,18.12,18.62
2026-04-17T00:55:52.232101,0,0,18.06,18.62
2026-04-17T00:55:54.831044,0,0,18.06,18.62
2026-04-17T00:55:57.434179,0,0,18.06,18.62
2026-04-17T00:56:00.031184,0,0,18.06,18.62
2026-04-17T00:56:02.692233,0,0,18.06,18.62
2026-04-17T00:56:05.280285,0,0,18.06,18.62
2026-04-17T00:56:07.892161,0,0,18.06,18.62
2026-04-17T00:56:10.492234,0,0,18.06,18.62
2026-04-17T00:56:13.070185,0,0,18.06,18.62
2026-04-17T00:56:15.662190,0,0,18.06,18.62
2026-04-17T00:56:18.633134,0,0,18.06,18.62
2026-04-17T00:56:21.232133,0,0,18.0,18.62
2026-04-17T00:56:24.112969,0,0,18.06,18.62
2026-04-17T00:56:27.092939,0,0,18.06,18.62
2026-04-17T00:56:29.772930,0,0,18.0,18.62
2026-04-17T00:56:32.352241,0,0,18.06,18.5
2026-04-17T00:56:34.992956,0,0,18.06,18.62
2026-04-17T00:56:37.690883,0,0,18.06,18.62
2026-04-17T00:56:40.272915,0,0,18.06,18.62
2026-04-17T00:56:42.931923,0,0,18.06,18.5
2026-04-17T00:56:45.642875,0,0,18.06,18.62
2026-04-17T00:56:48.191792,0,0,18.06,18.62
2026-04-17T00:56:51.052876,0,0,18.06,18.62
2026-04-17T00:56:53.733862,0,0,18.06,18.62
2026-04-17T00:56:56.473729,0,0,18.06,18.62
2026-04-17T00:56:59.083510,0,0,18.12,18.62
2026-04-17T00:57:01.662609,0,0,18.06,18.5
2026-04-17T00:57:04.252836,0,0,18.06,18.62
2026-04-17T00:57:06.933314,0,0,18.06,18.62
2026-04-17T00:57:09.533508,0,0,18.06,18.62
2026-04-17T00:57:12.133459,0,0,18.06,18.62
2026-04-17T00:57:14.732550,0,0,18.06,18.62
2026-04-17T00:57:17.513602,0,0,18.06,18.62
2026-04-17T00:57:20.182405,0,0,18.06,18.62
2026-04-17T00:57:22.772479,0,0,18.06,18.62
2026-04-17T00:57:25.514527,0,0,18.06,18.62
2026-04-17T00:57:28.114385,0,0,18.06,18.62
2026-04-17T00:57:31.014407,0,0,18.06,18.62
2026-04-17T00:57:33.613163,0,0,18.06,18.62
2026-04-17T00:57:36.413326,0,0,18.06,18.62
2026-04-17T00:57:39.073490,0,0,18.06,18.62
2026-04-17T00:57:41.834192,0,0,18.06,18.62
2026-04-17T00:57:44.434230,0,0,18.12,18.62
2026-04-17T00:57:47.174329,0,0,18.06,18.62
2026-04-17T00:57:49.853128,0,0,18.12,18.62
2026-04-17T00:57:52.454185,0,0,18.06,18.62
2026-04-17T00:57:55.134086,0,0,18.06,18.62
2026-04-17T00:57:57.735139,0,0,18.06,18.62
2026-04-17T00:58:00.475118,0,0,18.06,18.62
2026-04-17T00:58:03.152860,0,0,18.06,18.62
2026-04-17T00:58:05.734971,0,0,18.06,18.62
2026-04-17T00:58:08.635033,0,0,18.06,18.62
2026-04-17T00:58:11.194950,0,0,18.06,18.62
2026-04-17T00:58:13.814986,0,0,18.06,18.62
2026-04-17T00:58:16.554863,0,0,18.06,18.62
2026-04-17T00:58:19.394970,0,0,18.06,18.62
2026-04-17T00:58:22.215494,0,0,18.06,18.62
2026-04-17T00:58:24.814841,0,0,18.12,18.62
2026-04-17T00:58:27.554849,0,0,18.06,18.62
2026-04-17T00:58:30.234900,0,0,18.06,18.62
2026-04-17T00:58:32.975772,0,0,18.06,18.62
2026-04-17T00:58:35.955725,0,0,18.06,18.62
2026-04-17T00:58:38.555475,0,0,18.06,18.62
2026-04-17T00:58:41.294446,0,0,18.06,18.62
2026-04-17T00:58:43.894710,0,0,18.12,18.62
2026-04-17T00:58:46.754437,0,0,18.06,18.62
2026-04-17T00:58:49.515567,0,0,18.12,18.62
2026-04-17T00:58:52.095638,0,0,18.12,18.62
2026-04-17T00:58:54.715419,0,0,18.06,18.62
2026-04-17T00:58:57.375409,0,0,18.06,18.5
2026-04-17T00:58:59.945339,0,0,18.12,18.62
2026-04-17T00:59:02.795378,0,0,18.06,18.62
2026-04-17T00:59:05.776354,0,0,18.06,18.62
2026-04-17T00:59:08.356285,0,0,18.06,18.62
2026-04-17T00:59:10.946325,0,0,18.06,18.62
2026-04-17T00:59:13.556375,0,0,18.06,18.62
2026-04-17T00:59:16.136237,0,0,18.06,18.62
2026-04-17T00:59:18.956237,0,0,18.06,18.62
2026-04-17T00:59:21.536175,0,0,18.06,18.62
2026-04-17T00:59:24.456286,0,0,18.06,18.62
2026-04-17T00:59:27.435094,0,0,18.06,18.62
2026-04-17T00:59:30.176019,0,0,18.06,18.62
2026-04-17T00:59:32.775968,0,0,18.12,18.5
2026-04-17T00:59:35.445997,0,0,18.06,18.62
2026-04-17T00:59:38.046896,0,0,18.06,18.62
2026-04-17T00:59:40.636799,0,0,18.06,18.62
2026-04-17T00:59:43.214990,0,0,18.06,18.62
2026-04-17T00:59:45.816773,0,0,18.06,18.62
2026-04-17T00:59:48.396709,0,0,18.06,18.62
2026-04-17T00:59:50.996732,0,0,18.06,18.62
2026-04-17T00:59:53.796693,0,0,18.06,18.62
2026-04-17T00:59:56.395679,0,0,18.12,18.62
2026-04-17T00:59:59.216654,0,0,18.06,18.62
2026-04-17T01:00:01.896567,0,0,18.06,18.62
2026-04-17T01:00:04.476530,0,0,18.06,18.5
2026-04-17T01:00:07.136603,0,0,18.06,18.62
2026-04-17T01:00:09.876544,0,0,18.06,18.62
2026-04-17T01:00:12.446473,0,0,18.06,18.62
2026-04-17T01:00:15.297490,0,0,18.06,18.62
2026-04-17T01:00:17.897227,0,0,18.12,18.62
2026-04-17T01:00:20.597206,0,0,18.06,18.62
2026-04-17T01:00:23.317384,0,0,18.06,18.5
2026-04-17T01:00:25.887274,0,0,18.06,18.62
2026-04-17T01:00:28.657500,0,0,18.06,18.62
2026-04-17T01:00:31.257278,0,0,18.12,18.62
2026-04-17T01:00:33.836337,0,0,18.06,18.62
2026-04-17T01:00:36.526964,0,0,18.06,18.62
2026-04-17T01:00:39.116759,0,0,18.12,18.62
2026-04-17T01:00:41.716685,0,0,18.06,18.62
2026-04-17T01:00:44.317675,0,0,18.06,18.62
2026-04-17T01:00:46.917663,0,0,18.06,18.62
2026-04-17T01:00:49.956633,0,0,18.06,18.62
2026-04-17T01:00:52.697607,0,0,18.06,18.62
2026-04-17T01:00:55.397606,0,0,18.12,18.62
2026-04-17T01:00:58.216152,0,0,18.06,18.62
2026-04-17T01:01:00.817572,0,0,18.12,18.62
2026-04-17T01:01:03.557490,0,0,18.06,18.62
2026-04-17T01:01:06.127465,0,0,18.12,18.62
2026-04-17T01:01:08.696426,0,0,18.06,18.62
2026-04-17T01:01:11.277449,0,0,18.06,18.62
2026-04-17T01:01:13.957353,0,0,18.06,18.62
2026-04-17T01:01:16.556374,0,0,18.06,18.62
2026-04-17T01:01:19.138271,0,0,18.06,18.62
2026-04-17T01:01:21.728207,0,0,18.06,18.62
2026-04-17T01:01:24.338407,0,0,18.06,18.62
2026-04-17T01:01:26.917195,0,0,18.06,18.62
2026-04-17T01:01:29.516246,0,0,18.06,18.62
2026-04-17T01:01:32.198120,0,0,18.06,18.62
2026-04-17T01:01:34.777168,0,0,18.06,18.62
2026-04-17T01:01:37.537123,0,0,18.06,18.62
2026-04-17T01:01:40.118063,0,0,18.12,18.62
2026-04-17T01:01:42.738046,0,0,18.06,18.62
2026-04-17T01:01:45.395985,0,0,18.06,18.62
2026-04-17T01:01:47.978071,0,0,18.06,18.62
2026-04-17T01:01:50.578004,0,0,18.06,18.62
2026-04-17T01:01:53.178868,0,0,18.06,18.62
2026-04-17T01:01:55.778787,0,0,18.06,18.62
2026-04-17T01:01:58.359004,0,0,18.06,18.62
2026-04-17T01:02:01.338773,0,0,18.06,18.62
2026-04-17T01:02:03.938191,0,0,18.12,18.62
2026-04-17T01:02:06.558909,0,0,18.06,18.62
2026-04-17T01:02:09.138985,0,0,18.06,18.62
2026-04-17T01:02:11.797914,0,0,18.06,18.62
2026-04-17T01:02:14.536814,0,0,18.12,18.62
2026-04-17T01:02:17.378929,0,0,18.06,18.62
2026-04-17T01:02:19.977934,0,0,18.12,18.62
2026-04-17T01:02:22.578889,0,0,18.06,18.62
2026-04-17T01:02:25.299826,0,0,18.12,18.62
2026-04-17T01:02:28.279794,0,0,18.06,18.62
2026-04-17T01:02:30.959672,0,0,18.06,18.62
2026-04-17T01:02:33.558510,0,0,18.06,18.62
2026-04-17T01:02:36.157652,0,0,18.06,18.62
2026-04-17T01:02:38.759073,0,0,18.12,18.62
2026-04-17T01:02:41.359544,0,0,18.06,18.62
2026-04-17T01:02:44.159481,0,0,18.06,18.62
2026-04-17T01:02:46.759607,0,0,18.12,18.62
2026-04-17T01:02:49.359618,0,0,18.06,18.62
2026-04-17T01:02:52.177276,0,0,18.12,18.62
2026-04-17T01:02:54.799427,0,0,18.06,18.62
2026-04-17T01:02:57.379433,0,0,18.06,18.62
2026-04-17T01:02:59.960290,0,0,18.06,18.62
2026-04-17T01:03:02.548205,0,0,18.06,18.62
2026-04-17T01:03:05.140225,0,0,18.06,18.62
2026-04-17T01:03:07.740165,0,0,18.06,18.62
2026-04-17T01:03:10.340144,0,0,18.06,18.62
2026-04-17T01:03:12.919111,0,0,18.12,18.62
2026-04-17T01:03:15.980139,0,0,18.12,18.62
2026-04-17T01:03:18.580035,0,0,18.06,18.62
2026-04-17T01:03:21.260016,0,0,18.06,18.62
2026-04-17T01:03:23.999916,0,0,18.06,18.62
2026-04-17T01:03:26.659926,0,0,18.06,18.62
2026-04-17T01:03:29.480004,0,0,18.06,18.62
2026-04-17T01:03:32.220804,0,0,18.12,18.62
2026-04-17T01:03:34.840740,0,0,18.12,18.62
2026-04-17T01:03:37.440639,0,0,18.06,18.62
2026-04-17T01:03:40.240693,0,0,18.06,18.62
2026-04-17T01:03:42.920736,0,0,18.12,18.62
2026-04-17T01:03:45.509602,0,0,18.12,18.62
2026-04-17T01:03:48.200691,0,0,18.06,18.62
2026-04-17T01:03:50.798866,0,0,18.12,18.62
2026-04-17T01:03:53.480555,0,0,18.06,18.62
2026-04-17T01:03:56.080563,0,0,18.12,18.62
2026-04-17T01:03:58.680627,0,0,18.12,18.62
2026-04-17T01:04:01.560483,0,0,18.06,18.62
2026-04-17T01:04:04.138371,0,0,18.06,18.62
2026-04-17T01:04:06.741395,0,0,18.06,18.62
2026-04-17T01:04:09.409891,0,0,18.06,18.5
2026-04-17T01:04:12.001155,0,0,18.12,18.62
2026-04-17T01:04:14.841218,0,0,18.12,18.62
2026-04-17T01:04:17.581221,0,0,18.12,18.62
2026-04-17T01:04:20.201231,0,0,18.12,18.62
2026-04-17T01:04:22.771279,0,0,18.06,18.62
2026-04-17T01:04:25.361177,0,0,18.06,18.62
2026-04-17T01:04:28.341172,0,0,18.06,18.62
2026-04-17T01:04:30.941277,0,0,18.06,18.62
2026-04-17T01:04:33.760279,0,0,18.06,18.62
2026-04-17T01:04:36.352022,0,0,18.12,18.62
2026-04-17T01:04:38.961997,0,0,18.06,18.62
2026-04-17T01:04:41.541917,0,0,18.06,18.62
2026-04-17T01:04:44.141896,0,0,18.06,18.62
2026-04-17T01:04:46.740832,0,0,18.06,18.62
2026-04-17T01:04:49.701755,0,0,18.06,18.62
2026-04-17T01:04:52.281761,0,0,18.06,18.62
2026-04-17T01:04:55.181632,0,0,18.06,18.62
2026-04-17T01:04:57.921639,0,0,18.06,18.62
2026-04-17T01:05:00.601663,0,0,18.06,18.62
2026-04-17T01:05:03.341538,0,0,18.06,18.62
2026-04-17T01:05:05.941505,0,0,18.12,18.62
2026-04-17T01:05:08.560543,0,0,18.06,18.62
2026-04-17T01:05:11.181411,0,0,18.06,18.62
2026-04-17T01:05:13.820510,0,0,18.06,18.62
2026-04-17T01:05:16.782478,0,0,18.06,18.62
2026-04-17T01:05:19.372247,0,0,18.12,18.62
2026-04-17T01:05:21.982168,0,0,18.12,18.62
2026-04-17T01:05:25.082150,0,0,18.12,18.62
2026-04-17T01:05:27.762226,0,0,18.12,18.62
2026-04-17T01:05:30.340243,0,0,18.06,18.62
2026-04-17T01:05:32.942179,0,0,18.06,18.62
2026-04-17T01:05:35.661346,0,0,18.06,18.62
2026-04-17T01:05:38.582233,0,0,18.06,18.62
2026-04-17T01:05:41.162256,0,0,18.06,18.62
2026-04-17T01:05:43.823127,0,0,18.06,18.62
2026-04-17T01:05:46.423081,0,0,18.06,18.62
2026-04-17T01:05:49.023028,0,0,18.06,18.62
2026-04-17T01:05:51.822035,0,0,18.06,18.62
2026-04-17T01:05:54.622949,0,0,18.06,18.62
2026-04-17T01:05:57.382899,0,0,18.12,18.62
2026-04-17T01:05:59.981888,0,0,18.12,18.62
2026-04-17T01:06:02.582838,0,0,18.06,18.62
2026-04-17T01:06:05.152794,0,0,18.06,18.62
2026-04-17T01:06:08.062704,0,0,18.06,18.62
2026-04-17T01:06:10.632733,0,0,18.12,18.62
2026-04-17T01:06:13.402683,0,0,18.06,18.62
2026-04-17T01:06:16.003801,0,0,18.12,18.62
2026-04-17T01:06:18.823539,0,0,18.12,18.62
2026-04-17T01:06:21.583484,0,0,18.12,18.62
2026-04-17T01:06:24.183635,0,0,18.12,18.62
2026-04-17T01:06:26.783440,0,0,18.12,18.62
2026-04-17T01:06:29.523605,0,0,18.12,18.62
2026-04-17T01:06:32.263335,0,0,18.12,18.62
2026-04-17T01:06:34.863311,0,0,18.12,18.62
2026-04-17T01:06:37.483316,0,0,18.12,18.62
2026-04-17T01:06:40.082245,0,0,18.12,18.62
2026-04-17T01:06:42.663165,0,0,18.06,18.62
2026-04-17T01:06:45.333086,0,0,18.06,18.62
2026-04-17T01:06:48.063059,0,0,18.12,18.62
2026-04-17T01:06:51.044104,0,0,18.12,18.62
2026-04-17T01:06:53.744057,0,0,18.06,18.62
2026-04-17T01:06:56.704010,0,0,18.12,18.62
2026-04-17T01:06:59.303766,0,0,18.12,18.62
2026-04-17T01:07:01.903739,0,0,18.12,18.62
2026-04-17T01:07:04.583759,0,0,18.12,18.62
2026-04-17T01:07:07.463962,0,0,18.06,18.62
2026-04-17T01:07:10.062877,0,0,18.06,18.62
2026-04-17T01:07:12.802874,0,0,18.06,18.62
2026-04-17T01:07:15.473762,0,0,18.12,18.62
2026-04-17T01:07:18.023726,0,0,18.06,18.62
2026-04-17T01:07:20.603728,0,0,18.06,18.62
2026-04-17T01:07:23.264602,0,0,18.06,18.62
2026-04-17T01:07:25.842685,0,0,18.06,18.62
2026-04-17T01:07:28.824483,0,0,18.12,18.62
2026-04-17T01:07:31.404495,0,0,18.06,18.62
2026-04-17T01:07:34.004457,0,0,18.06,18.62
2026-04-17T01:07:36.824424,0,0,18.06,18.62
2026-04-17T01:07:39.494405,0,0,18.12,18.62
2026-04-17T01:07:42.104320,0,0,18.06,18.62
2026-04-17T01:07:44.684422,0,0,18.06,18.62
2026-04-17T01:07:47.504311,0,0,18.12,18.62
2026-04-17T01:07:50.264205,0,0,18.12,18.62
2026-04-17T01:07:52.854199,0,0,18.12,18.62
2026-04-17T01:07:55.764215,0,0,18.06,18.62
2026-04-17T01:07:58.504041,0,0,18.12,18.62
2026-04-17T01:08:01.344920,0,0,18.12,18.62
2026-04-17T01:08:03.944838,0,0,18.12,18.62
2026-04-17T01:08:06.544791,0,0,18.06,18.62
2026-04-17T01:08:09.286161,0,0,18.06,18.62
2026-04-17T01:08:11.944480,0,0,18.12,18.62
2026-04-17T01:08:14.824483,0,0,18.12,18.62
2026-04-17T01:08:17.424456,0,0,18.12,18.62
2026-04-17T01:08:20.011510,0,0,18.12,18.62
2026-04-17T01:08:22.624271,0,0,18.12,18.62
2026-04-17T01:08:25.212430,0,0,18.12,18.62
2026-04-17T01:08:28.044215,0,0,18.06,18.62
2026-04-17T01:08:30.635190,0,0,18.12,18.62
2026-04-17T01:08:33.684156,0,0,18.06,18.62
2026-04-17T01:08:36.503708,0,0,18.06,18.62
2026-04-17T01:08:39.084085,0,0,18.12,18.62
2026-04-17T01:08:41.845253,0,0,18.06,18.62
2026-04-17T01:08:44.505181,0,0,18.12,18.62
2026-04-17T01:08:47.485298,0,0,18.06,18.62
2026-04-17T01:08:50.084443,0,0,18.06,18.62
2026-04-17T01:08:52.685188,0,0,18.06,18.62
2026-04-17T01:08:55.354210,0,0,18.06,18.62
2026-04-17T01:08:57.943108,0,0,18.06,18.62
2026-04-17T01:09:00.524235,0,0,18.06,18.62
