air_temp,dni,ghi,period_end,period
18,0,0,2026-03-01T00:30:00+00:00,PT30M
18,0,0,2026-03-01T01:00:00+00:00,PT30M
18,0,0,2026-03-01T01:30:00+00:00,PT30M
18,0,0,2026-03-01T02:00:00+00:00,PT30M
18,0,0,2026-03-01T02:30:00+00:00,PT30M
18,0,0,2026-03-01T03:00:00+00:00,PT30M
18,0,0,2026-03-01T03:30:00+00:00,PT30M
18,0,1,2026-03-01T04:00:00+00:00,PT30M
19,0,31,2026-03-01T04:30:00+00:00,PT30M
19,0,91,2026-03-01T05:00:00+00:00,PT30M
19,0,143,2026-03-01T05:30:00+00:00,PT30M
19,0,236,2026-03-01T06:00:00+00:00,PT30M
20,22,331,2026-03-01T06:30:00+00:00,PT30M
20,60,415,2026-03-01T07:00:00+00:00,PT30M
20,0,185,2026-03-01T07:30:00+00:00,PT30M
21,0,125,2026-03-01T08:00:00+00:00,PT30M
21,26,468,2026-03-01T08:30:00+00:00,PT30M
21,100,629,2026-03-01T09:00:00+00:00,PT30M
21,308,764,2026-03-01T09:30:00+00:00,PT30M
22,228,735,2026-03-01T10:00:00+00:00,PT30M
23,160,690,2026-03-01T10:30:00+00:00,PT30M
23,0,561,2026-03-01T11:00:00+00:00,PT30M
23,0,455,2026-03-01T11:30:00+00:00,PT30M
23,0,250,2026-03-01T12:00:00+00:00,PT30M
22,0,128,2026-03-01T12:30:00+00:00,PT30M
22,0,144,2026-03-01T13:00:00+00:00,PT30M
22,0,87,2026-03-01T13:30:00+00:00,PT30M
22,0,128,2026-03-01T14:00:00+00:00,PT30M
21,0,113,2026-03-01T14:30:00+00:00,PT30M
21,0,72,2026-03-01T15:00:00+00:00,PT30M
21,0,54,2026-03-01T15:30:00+00:00,PT30M
21,0,21,2026-03-01T16:00:00+00:00,PT30M
21,0,0,2026-03-01T16:30:00+00:00,PT30M
20,0,0,2026-03-01T17:00:00+00:00,PT30M
20,0,0,2026-03-01T17:30:00+00:00,PT30M
20,0,0,2026-03-01T18:00:00+00:00,PT30M
20,0,0,2026-03-01T18:30:00+00:00,PT30M
19,0,0,2026-03-01T19:00:00+00:00,PT30M
19,0,0,2026-03-01T19:30:00+00:00,PT30M
19,0,0,2026-03-01T20:00:00+00:00,PT30M
19,0,0,2026-03-01T20:30:00+00:00,PT30M
19,0,0,2026-03-01T21:00:00+00:00,PT30M
19,0,0,2026-03-01T21:30:00+00:00,PT30M
19,0,0,2026-03-01T22:00:00+00:00,PT30M
19,0,0,2026-03-01T22:30:00+00:00,PT30M
18,0,0,2026-03-01T23:00:00+00:00,PT30M
18,0,0,2026-03-01T23:30:00+00:00,PT30M
18,0,0,2026-03-02T00:00:00+00:00,PT30M
18,0,0,2026-03-02T00:30:00+00:00,PT30M
17,0,0,2026-03-02T01:00:00+00:00,PT30M
17,0,0,2026-03-02T01:30:00+00:00,PT30M
17,0,0,2026-03-02T02:00:00+00:00,PT30M
17,0,0,2026-03-02T02:30:00+00:00,PT30M
18,0,0,2026-03-02T03:00:00+00:00,PT30M
18,0,0,2026-03-02T03:30:00+00:00,PT30M
18,0,1,2026-03-02T04:00:00+00:00,PT30M
18,0,42,2026-03-02T04:30:00+00:00,PT30M
19,35,124,2026-03-02T05:00:00+00:00,PT30M
20,413,271,2026-03-02T05:30:00+00:00,PT30M
22,734,432,2026-03-02T06:00:00+00:00,PT30M
22,797,556,2026-03-02T06:30:00+00:00,PT30M
23,840,671,2026-03-02T07:00:00+00:00,PT30M
23,836,764,2026-03-02T07:30:00+00:00,PT30M
24,516,731,2026-03-02T08:00:00+00:00,PT30M
25,322,711,2026-03-02T08:30:00+00:00,PT30M
26,334,757,2026-03-02T09:00:00+00:00,PT30M
27,518,866,2026-03-02T09:30:00+00:00,PT30M
26,848,1014,2026-03-02T10:00:00+00:00,PT30M
26,400,821,2026-03-02T10:30:00+00:00,PT30M
26,54,560,2026-03-02T11:00:00+00:00,PT30M
26,0,205,2026-03-02T11:30:00+00:00,PT30M
26,0,125,2026-03-02T12:00:00+00:00,PT30M
26,0,265,2026-03-02T12:30:00+00:00,PT30M
25,1,393,2026-03-02T13:00:00+00:00,PT30M
24,51,403,2026-03-02T13:30:00+00:00,PT30M
23,571,479,2026-03-02T14:00:00+00:00,PT30M
23,721,403,2026-03-02T14:30:00+00:00,PT30M
23,626,277,2026-03-02T15:00:00+00:00,PT30M
22,516,155,2026-03-02T15:30:00+00:00,PT30M
21,204,46,2026-03-02T16:00:00+00:00,PT30M
21,0,0,2026-03-02T16:30:00+00:00,PT30M
21,0,0,2026-03-02T17:00:00+00:00,PT30M
21,0,0,2026-03-02T17:30:00+00:00,PT30M
20,0,0,2026-03-02T18:00:00+00:00,PT30M
20,0,0,2026-03-02T18:30:00+00:00,PT30M
20,0,0,2026-03-02T19:00:00+00:00,PT30M
20,0,0,2026-03-02T19:30:00+00:00,PT30M
19,0,0,2026-03-02T20:00:00+00:00,PT30M
19,0,0,2026-03-02T20:30:00+00:00,PT30M
19,0,0,2026-03-02T21:00:00+00:00,PT30M
19,0,0,2026-03-02T21:30:00+00:00,PT30M
19,0,0,2026-03-02T22:00:00+00:00,PT30M
19,0,0,2026-03-02T22:30:00+00:00,PT30M
19,0,0,2026-03-02T23:00:00+00:00,PT30M
19,0,0,2026-03-02T23:30:00+00:00,PT30M
19,0,0,2026-03-03T00:00:00+00:00,PT30M
19,0,0,2026-03-03T00:30:00+00:00,PT30M
19,0,0,2026-03-03T01:00:00+00:00,PT30M
19,0,0,2026-03-03T01:30:00+00:00,PT30M
19,0,0,2026-03-03T02:00:00+00:00,PT30M
19,0,0,2026-03-03T02:30:00+00:00,PT30M
20,0,0,2026-03-03T03:00:00+00:00,PT30M
20,0,0,2026-03-03T03:30:00+00:00,PT30M
20,0,1,2026-03-03T04:00:00+00:00,PT30M
20,9,42,2026-03-03T04:30:00+00:00,PT30M
21,0,89,2026-03-03T05:00:00+00:00,PT30M
21,0,148,2026-03-03T05:30:00+00:00,PT30M
22,2,249,2026-03-03T06:00:00+00:00,PT30M
22,24,344,2026-03-03T06:30:00+00:00,PT30M
22,89,437,2026-03-03T07:00:00+00:00,PT30M
22,219,555,2026-03-03T07:30:00+00:00,PT30M
22,236,621,2026-03-03T08:00:00+00:00,PT30M
23,460,768,2026-03-03T08:30:00+00:00,PT30M
23,309,743,2026-03-03T09:00:00+00:00,PT30M
23,330,778,2026-03-03T09:30:00+00:00,PT30M
24,481,862,2026-03-03T10:00:00+00:00,PT30M
25,301,775,2026-03-03T10:30:00+00:00,PT30M
25,292,756,2026-03-03T11:00:00+00:00,PT30M
25,297,729,2026-03-03T11:30:00+00:00,PT30M
26,572,799,2026-03-03T12:00:00+00:00,PT30M
26,661,763,2026-03-03T12:30:00+00:00,PT30M
25,652,685,2026-03-03T13:00:00+00:00,PT30M
25,494,552,2026-03-03T13:30:00+00:00,PT30M
25,789,526,2026-03-03T14:00:00+00:00,PT30M
24,461,353,2026-03-03T14:30:00+00:00,PT30M
24,614,272,2026-03-03T15:00:00+00:00,PT30M
23,532,154,2026-03-03T15:30:00+00:00,PT30M
22,151,38,2026-03-03T16:00:00+00:00,PT30M
22,0,0,2026-03-03T16:30:00+00:00,PT30M
22,0,0,2026-03-03T17:00:00+00:00,PT30M
21,0,0,2026-03-03T17:30:00+00:00,PT30M
21,0,0,2026-03-03T18:00:00+00:00,PT30M
20,0,0,2026-03-03T18:30:00+00:00,PT30M
20,0,0,2026-03-03T19:00:00+00:00,PT30M
19,0,0,2026-03-03T19:30:00+00:00,PT30M
19,0,0,2026-03-03T20:00:00+00:00,PT30M
19,0,0,2026-03-03T20:30:00+00:00,PT30M
19,0,0,2026-03-03T21:00:00+00:00,PT30M
19,0,0,2026-03-03T21:30:00+00:00,PT30M
19,0,0,2026-03-03T22:00:00+00:00,PT30M
19,0,0,2026-03-03T22:30:00+00:00,PT30M
19,0,0,2026-03-03T23:00:00+00:00,PT30M
19,0,0,2026-03-03T23:30:00+00:00,PT30M
19,0,0,2026-03-04T00:00:00+00:00,PT30M
19,0,0,2026-03-04T00:30:00+00:00,PT30M
19,0,0,2026-03-04T01:00:00+00:00,PT30M
19,0,0,2026-03-04T01:30:00+00:00,PT30M
19,0,0,2026-03-04T02:00:00+00:00,PT30M
19,0,0,2026-03-04T02:30:00+00:00,PT30M
19,0,0,2026-03-04T03:00:00+00:00,PT30M
19,0,0,2026-03-04T03:30:00+00:00,PT30M
19,0,2,2026-03-04T04:00:00+00:00,PT30M
19,183,61,2026-03-04T04:30:00+00:00,PT30M
20,389,164,2026-03-04T05:00:00+00:00,PT30M
21,126,218,2026-03-04T05:30:00+00:00,PT30M
21,198,318,2026-03-04T06:00:00+00:00,PT30M
22,77,360,2026-03-04T06:30:00+00:00,PT30M
23,438,555,2026-03-04T07:00:00+00:00,PT30M
24,355,602,2026-03-04T07:30:00+00:00,PT30M
24,725,803,2026-03-04T08:00:00+00:00,PT30M
25,641,834,2026-03-04T08:30:00+00:00,PT30M
25,585,859,2026-03-04T09:00:00+00:00,PT30M
25,644,913,2026-03-04T09:30:00+00:00,PT30M
26,740,967,2026-03-04T10:00:00+00:00,PT30M
26,724,959,2026-03-04T10:30:00+00:00,PT30M
26,487,843,2026-03-04T11:00:00+00:00,PT30M
26,641,873,2026-03-04T11:30:00+00:00,PT30M
26,671,834,2026-03-04T12:00:00+00:00,PT30M
25,724,786,2026-03-04T12:30:00+00:00,PT30M
26,867,747,2026-03-04T13:00:00+00:00,PT30M
25,836,641,2026-03-04T13:30:00+00:00,PT30M
25,848,536,2026-03-04T14:00:00+00:00,PT30M
25,794,412,2026-03-04T14:30:00+00:00,PT30M
24,715,283,2026-03-04T15:00:00+00:00,PT30M
23,517,152,2026-03-04T15:30:00+00:00,PT30M
22,110,39,2026-03-04T16:00:00+00:00,PT30M
21,0,0,2026-03-04T16:30:00+00:00,PT30M
21,0,0,2026-03-04T17:00:00+00:00,PT30M
20,0,0,2026-03-04T17:30:00+00:00,PT30M
20,0,0,2026-03-04T18:00:00+00:00,PT30M
20,0,0,2026-03-04T18:30:00+00:00,PT30M
20,0,0,2026-03-04T19:00:00+00:00,PT30M
20,0,0,2026-03-04T19:30:00+00:00,PT30M
19,0,0,2026-03-04T20:00:00+00:00,PT30M
19,0,0,2026-03-04T20:30:00+00:00,PT30M
19,0,0,2026-03-04T21:00:00+00:00,PT30M
19,0,0,2026-03-04T21:30:00+00:00,PT30M
19,0,0,2026-03-04T22:00:00+00:00,PT30M
18,0,0,2026-03-04T22:30:00+00:00,PT30M
18,0,0,2026-03-04T23:00:00+00:00,PT30M
18,0,0,2026-03-04T23:30:00+00:00,PT30M
18,0,0,2026-03-05T00:00:00+00:00,PT30M
18,0,0,2026-03-05T00:30:00+00:00,PT30M
18,0,0,2026-03-05T01:00:00+00:00,PT30M
18,0,0,2026-03-05T01:30:00+00:00,PT30M
18,0,0,2026-03-05T02:00:00+00:00,PT30M
18,0,0,2026-03-05T02:30:00+00:00,PT30M
19,0,0,2026-03-05T03:00:00+00:00,PT30M
19,0,0,2026-03-05T03:30:00+00:00,PT30M
19,0,1,2026-03-05T04:00:00+00:00,PT30M
19,0,40,2026-03-05T04:30:00+00:00,PT30M
20,0,86,2026-03-05T05:00:00+00:00,PT30M
20,0,135,2026-03-05T05:30:00+00:00,PT30M
21,0,166,2026-03-05T06:00:00+00:00,PT30M
22,0,137,2026-03-05T06:30:00+00:00,PT30M
22,0,120,2026-03-05T07:00:00+00:00,PT30M
23,0,227,2026-03-05T07:30:00+00:00,PT30M
23,20,480,2026-03-05T08:00:00+00:00,PT30M
23,85,590,2026-03-05T08:30:00+00:00,PT30M
23,13,534,2026-03-05T09:00:00+00:00,PT30M
24,74,626,2026-03-05T09:30:00+00:00,PT30M
24,83,653,2026-03-05T10:00:00+00:00,PT30M
25,86,646,2026-03-05T10:30:00+00:00,PT30M
25,287,749,2026-03-05T11:00:00+00:00,PT30M
25,116,630,2026-03-05T11:30:00+00:00,PT30M
25,190,632,2026-03-05T12:00:00+00:00,PT30M
25,386,656,2026-03-05T12:30:00+00:00,PT30M
25,789,722,2026-03-05T13:00:00+00:00,PT30M
25,652,592,2026-03-05T13:30:00+00:00,PT30M
25,802,524,2026-03-05T14:00:00+00:00,PT30M
24,769,405,2026-03-05T14:30:00+00:00,PT30M
23,687,277,2026-03-05T15:00:00+00:00,PT30M
22,539,151,2026-03-05T15:30:00+00:00,PT30M
21,105,33,2026-03-05T16:00:00+00:00,PT30M
21,0,0,2026-03-05T16:30:00+00:00,PT30M
21,0,0,2026-03-05T17:00:00+00:00,PT30M
21,0,0,2026-03-05T17:30:00+00:00,PT30M
20,0,0,2026-03-05T18:00:00+00:00,PT30M
20,0,0,2026-03-05T18:30:00+00:00,PT30M
20,0,0,2026-03-05T19:00:00+00:00,PT30M
19,0,0,2026-03-05T19:30:00+00:00,PT30M
19,0,0,2026-03-05T20:00:00+00:00,PT30M
19,0,0,2026-03-05T20:30:00+00:00,PT30M
19,0,0,2026-03-05T21:00:00+00:00,PT30M
19,0,0,2026-03-05T21:30:00+00:00,PT30M
19,0,0,2026-03-05T22:00:00+00:00,PT30M
19,0,0,2026-03-05T22:30:00+00:00,PT30M
19,0,0,2026-03-05T23:00:00+00:00,PT30M
19,0,0,2026-03-05T23:30:00+00:00,PT30M
18,0,0,2026-03-06T00:00:00+00:00,PT30M
18,0,0,2026-03-06T00:30:00+00:00,PT30M
18,0,0,2026-03-06T01:00:00+00:00,PT30M
18,0,0,2026-03-06T01:30:00+00:00,PT30M
18,0,0,2026-03-06T02:00:00+00:00,PT30M
18,0,0,2026-03-06T02:30:00+00:00,PT30M
18,0,0,2026-03-06T03:00:00+00:00,PT30M
18,0,0,2026-03-06T03:30:00+00:00,PT30M
18,0,1,2026-03-06T04:00:00+00:00,PT30M
19,33,40,2026-03-06T04:30:00+00:00,PT30M
19,0,96,2026-03-06T05:00:00+00:00,PT30M
20,305,250,2026-03-06T05:30:00+00:00,PT30M
22,527,387,2026-03-06T06:00:00+00:00,PT30M
23,512,485,2026-03-06T06:30:00+00:00,PT30M
23,718,632,2026-03-06T07:00:00+00:00,PT30M
24,734,726,2026-03-06T07:30:00+00:00,PT30M
24,541,735,2026-03-06T08:00:00+00:00,PT30M
25,429,749,2026-03-06T08:30:00+00:00,PT30M
25,416,786,2026-03-06T09:00:00+00:00,PT30M
25,467,836,2026-03-06T09:30:00+00:00,PT30M
24,331,787,2026-03-06T10:00:00+00:00,PT30M
24,167,700,2026-03-06T10:30:00+00:00,PT30M
24,64,621,2026-03-06T11:00:00+00:00,PT30M
25,163,648,2026-03-06T11:30:00+00:00,PT30M
25,246,663,2026-03-06T12:00:00+00:00,PT30M
25,456,692,2026-03-06T12:30:00+00:00,PT30M
25,691,696,2026-03-06T13:00:00+00:00,PT30M
25,554,570,2026-03-06T13:30:00+00:00,PT30M
26,369,429,2026-03-06T14:00:00+00:00,PT30M
25,47,249,2026-03-06T14:30:00+00:00,PT30M
25,0,117,2026-03-06T15:00:00+00:00,PT30M
24,0,62,2026-03-06T15:30:00+00:00,PT30M
23,0,19,2026-03-06T16:00:00+00:00,PT30M
22,0,0,2026-03-06T16:30:00+00:00,PT30M
22,0,0,2026-03-06T17:00:00+00:00,PT30M
21,0,0,2026-03-06T17:30:00+00:00,PT30M
20,0,0,2026-03-06T18:00:00+00:00,PT30M
20,0,0,2026-03-06T18:30:00+00:00,PT30M
19,0,0,2026-03-06T19:00:00+00:00,PT30M
19,0,0,2026-03-06T19:30:00+00:00,PT30M
19,0,0,2026-03-06T20:00:00+00:00,PT30M
19,0,0,2026-03-06T20:30:00+00:00,PT30M
19,0,0,2026-03-06T21:00:00+00:00,PT30M
19,0,0,2026-03-06T21:30:00+00:00,PT30M
19,0,0,2026-03-06T22:00:00+00:00,PT30M
18,0,0,2026-03-06T22:30:00+00:00,PT30M
19,0,0,2026-03-06T23:00:00+00:00,PT30M
19,0,0,2026-03-06T23:30:00+00:00,PT30M
18,0,0,2026-03-07T00:00:00+00:00,PT30M
19,0,0,2026-03-07T00:30:00+00:00,PT30M
19,0,0,2026-03-07T01:00:00+00:00,PT30M
19,0,0,2026-03-07T01:30:00+00:00,PT30M
19,0,0,2026-03-07T02:00:00+00:00,PT30M
19,0,0,2026-03-07T02:30:00+00:00,PT30M
19,0,0,2026-03-07T03:00:00+00:00,PT30M
20,0,0,2026-03-07T03:30:00+00:00,PT30M
20,0,1,2026-03-07T04:00:00+00:00,PT30M
20,108,52,2026-03-07T04:30:00+00:00,PT30M
20,69,120,2026-03-07T05:00:00+00:00,PT30M
21,0,154,2026-03-07T05:30:00+00:00,PT30M
21,0,185,2026-03-07T06:00:00+00:00,PT30M
22,244,406,2026-03-07T06:30:00+00:00,PT30M
23,758,647,2026-03-07T07:00:00+00:00,PT30M
24,878,772,2026-03-07T07:30:00+00:00,PT30M
24,840,841,2026-03-07T08:00:00+00:00,PT30M
25,621,830,2026-03-07T08:30:00+00:00,PT30M
26,585,861,2026-03-07T09:00:00+00:00,PT30M
26,504,858,2026-03-07T09:30:00+00:00,PT30M
25,478,860,2026-03-07T10:00:00+00:00,PT30M
25,304,777,2026-03-07T10:30:00+00:00,PT30M
25,216,717,2026-03-07T11:00:00+00:00,PT30M
25,9,475,2026-03-07T11:30:00+00:00,PT30M
25,0,253,2026-03-07T12:00:00+00:00,PT30M
25,0,180,2026-03-07T12:30:00+00:00,PT30M
24,0,137,2026-03-07T13:00:00+00:00,PT30M
24,0,246,2026-03-07T13:30:00+00:00,PT30M
24,11,273,2026-03-07T14:00:00+00:00,PT30M
24,102,270,2026-03-07T14:30:00+00:00,PT30M
23,362,229,2026-03-07T15:00:00+00:00,PT30M
22,344,125,2026-03-07T15:30:00+00:00,PT30M
22,47,23,2026-03-07T16:00:00+00:00,PT30M
21,0,0,2026-03-07T16:30:00+00:00,PT30M
21,0,0,2026-03-07T17:00:00+00:00,PT30M
20,0,0,2026-03-07T17:30:00+00:00,PT30M
20,0,0,2026-03-07T18:00:00+00:00,PT30M
20,0,0,2026-03-07T18:30:00+00:00,PT30M
20,0,0,2026-03-07T19:00:00+00:00,PT30M
20,0,0,2026-03-07T19:30:00+00:00,PT30M
20,0,0,2026-03-07T20:00:00+00:00,PT30M
19,0,0,2026-03-07T20:30:00+00:00,PT30M
19,0,0,2026-03-07T21:00:00+00:00,PT30M
19,0,0,2026-03-07T21:30:00+00:00,PT30M
19,0,0,2026-03-07T22:00:00+00:00,PT30M
19,0,0,2026-03-07T22:30:00+00:00,PT30M
19,0,0,2026-03-07T23:00:00+00:00,PT30M
19,0,0,2026-03-07T23:30:00+00:00,PT30M
19,0,0,2026-03-08T00:00:00+00:00,PT30M
19,0,0,2026-03-08T00:30:00+00:00,PT30M
19,0,0,2026-03-08T01:00:00+00:00,PT30M
19,0,0,2026-03-08T01:30:00+00:00,PT30M
19,0,0,2026-03-08T02:00:00+00:00,PT30M
19,0,0,2026-03-08T02:30:00+00:00,PT30M
19,0,0,2026-03-08T03:00:00+00:00,PT30M
19,0,0,2026-03-08T03:30:00+00:00,PT30M
19,0,0,2026-03-08T04:00:00+00:00,PT30M
19,11,42,2026-03-08T04:30:00+00:00,PT30M
20,102,130,2026-03-08T05:00:00+00:00,PT30M
20,38,195,2026-03-08T05:30:00+00:00,PT30M
21,0,225,2026-03-08T06:00:00+00:00,PT30M
21,0,268,2026-03-08T06:30:00+00:00,PT30M
22,0,345,2026-03-08T07:00:00+00:00,PT30M
22,0,409,2026-03-08T07:30:00+00:00,PT30M
22,0,373,2026-03-08T08:00:00+00:00,PT30M
22,0,250,2026-03-08T08:30:00+00:00,PT30M
22,0,210,2026-03-08T09:00:00+00:00,PT30M
22,0,380,2026-03-08T09:30:00+00:00,PT30M
22,0,472,2026-03-08T10:00:00+00:00,PT30M
22,0,527,2026-03-08T10:30:00+00:00,PT30M
23,0,554,2026-03-08T11:00:00+00:00,PT30M
23,37,566,2026-03-08T11:30:00+00:00,PT30M
23,0,482,2026-03-08T12:00:00+00:00,PT30M
23,69,526,2026-03-08T12:30:00+00:00,PT30M
23,0,362,2026-03-08T13:00:00+00:00,PT30M
23,0,260,2026-03-08T13:30:00+00:00,PT30M
21,0,204,2026-03-08T14:00:00+00:00,PT30M
21,0,122,2026-03-08T14:30:00+00:00,PT30M
21,0,93,2026-03-08T15:00:00+00:00,PT30M
21,0,53,2026-03-08T15:30:00+00:00,PT30M
20,0,14,2026-03-08T16:00:00+00:00,PT30M
20,0,0,2026-03-08T16:30:00+00:00,PT30M
20,0,0,2026-03-08T17:00:00+00:00,PT30M
20,0,0,2026-03-08T17:30:00+00:00,PT30M
20,0,0,2026-03-08T18:00:00+00:00,PT30M
20,0,0,2026-03-08T18:30:00+00:00,PT30M
20,0,0,2026-03-08T19:00:00+00:00,PT30M
19,0,0,2026-03-08T19:30:00+00:00,PT30M
19,0,0,2026-03-08T20:00:00+00:00,PT30M
19,0,0,2026-03-08T20:30:00+00:00,PT30M
19,0,0,2026-03-08T21:00:00+00:00,PT30M
19,0,0,2026-03-08T21:30:00+00:00,PT30M
19,0,0,2026-03-08T22:00:00+00:00,PT30M
19,0,0,2026-03-08T22:30:00+00:00,PT30M
19,0,0,2026-03-08T23:00:00+00:00,PT30M
19,0,0,2026-03-08T23:30:00+00:00,PT30M
19,0,0,2026-03-09T00:00:00+00:00,PT30M
19,0,0,2026-03-09T00:30:00+00:00,PT30M
18,0,0,2026-03-09T01:00:00+00:00,PT30M
18,0,0,2026-03-09T01:30:00+00:00,PT30M
18,0,0,2026-03-09T02:00:00+00:00,PT30M
18,0,0,2026-03-09T02:30:00+00:00,PT30M
18,0,0,2026-03-09T03:00:00+00:00,PT30M
18,0,0,2026-03-09T03:30:00+00:00,PT30M
18,0,0,2026-03-09T04:00:00+00:00,PT30M
18,8,42,2026-03-09T04:30:00+00:00,PT30M
18,64,121,2026-03-09T05:00:00+00:00,PT30M
18,0,162,2026-03-09T05:30:00+00:00,PT30M
19,0,210,2026-03-09T06:00:00+00:00,PT30M
19,0,263,2026-03-09T06:30:00+00:00,PT30M
20,4,364,2026-03-09T07:00:00+00:00,PT30M
20,29,454,2026-03-09T07:30:00+00:00,PT30M
20,28,504,2026-03-09T08:00:00+00:00,PT30M
20,1,514,2026-03-09T08:30:00+00:00,PT30M
21,0,462,2026-03-09T09:00:00+00:00,PT30M
21,0,483,2026-03-09T09:30:00+00:00,PT30M
21,0,498,2026-03-09T10:00:00+00:00,PT30M
21,0,406,2026-03-09T10:30:00+00:00,PT30M
21,0,398,2026-03-09T11:00:00+00:00,PT30M
21,0,387,2026-03-09T11:30:00+00:00,PT30M
21,0,301,2026-03-09T12:00:00+00:00,PT30M
21,0,263,2026-03-09T12:30:00+00:00,PT30M
21,0,364,2026-03-09T13:00:00+00:00,PT30M
21,12,309,2026-03-09T13:30:00+00:00,PT30M
22,0,123,2026-03-09T14:00:00+00:00,PT30M
22,0,84,2026-03-09T14:30:00+00:00,PT30M
21,0,54,2026-03-09T15:00:00+00:00,PT30M
21,0,27,2026-03-09T15:30:00+00:00,PT30M
21,0,7,2026-03-09T16:00:00+00:00,PT30M
21,0,0,2026-03-09T16:30:00+00:00,PT30M
20,0,0,2026-03-09T17:00:00+00:00,PT30M
20,0,0,2026-03-09T17:30:00+00:00,PT30M
20,0,0,2026-03-09T18:00:00+00:00,PT30M
20,0,0,2026-03-09T18:30:00+00:00,PT30M
19,0,0,2026-03-09T19:00:00+00:00,PT30M
19,0,0,2026-03-09T19:30:00+00:00,PT30M
19,0,0,2026-03-09T20:00:00+00:00,PT30M
19,0,0,2026-03-09T20:30:00+00:00,PT30M
19,0,0,2026-03-09T21:00:00+00:00,PT30M
19,0,0,2026-03-09T21:30:00+00:00,PT30M
18,0,0,2026-03-09T22:00:00+00:00,PT30M
18,0,0,2026-03-09T22:30:00+00:00,PT30M
18,0,0,2026-03-09T23:00:00+00:00,PT30M
18,0,0,2026-03-09T23:30:00+00:00,PT30M
18,0,0,2026-03-10T00:00:00+00:00,PT30M
18,0,0,2026-03-10T00:30:00+00:00,PT30M
18,0,0,2026-03-10T01:00:00+00:00,PT30M
18,0,0,2026-03-10T01:30:00+00:00,PT30M
18,0,0,2026-03-10T02:00:00+00:00,PT30M
18,0,0,2026-03-10T02:30:00+00:00,PT30M
18,0,0,2026-03-10T03:00:00+00:00,PT30M
18,0,0,2026-03-10T03:30:00+00:00,PT30M
18,0,1,2026-03-10T04:00:00+00:00,PT30M
18,0,15,2026-03-10T04:30:00+00:00,PT30M
18,0,42,2026-03-10T05:00:00+00:00,PT30M
19,0,74,2026-03-10T05:30:00+00:00,PT30M
19,0,110,2026-03-10T06:00:00+00:00,PT30M
20,0,150,2026-03-10T06:30:00+00:00,PT30M
21,0,206,2026-03-10T07:00:00+00:00,PT30M
21,0,267,2026-03-10T07:30:00+00:00,PT30M
22,0,317,2026-03-10T08:00:00+00:00,PT30M
22,0,353,2026-03-10T08:30:00+00:00,PT30M
23,0,364,2026-03-10T09:00:00+00:00,PT30M
23,0,366,2026-03-10T09:30:00+00:00,PT30M
23,0,367,2026-03-10T10:00:00+00:00,PT30M
23,0,367,2026-03-10T10:30:00+00:00,PT30M
24,0,374,2026-03-10T11:00:00+00:00,PT30M
24,0,366,2026-03-10T11:30:00+00:00,PT30M
24,0,344,2026-03-10T12:00:00+00:00,PT30M
24,0,307,2026-03-10T12:30:00+00:00,PT30M
24,0,252,2026-03-10T13:00:00+00:00,PT30M
23,0,193,2026-03-10T13:30:00+00:00,PT30M
23,0,141,2026-03-10T14:00:00+00:00,PT30M
22,0,103,2026-03-10T14:30:00+00:00,PT30M
22,0,66,2026-03-10T15:00:00+00:00,PT30M
22,0,32,2026-03-10T15:30:00+00:00,PT30M
21,0,8,2026-03-10T16:00:00+00:00,PT30M
21,0,0,2026-03-10T16:30:00+00:00,PT30M
20,0,0,2026-03-10T17:00:00+00:00,PT30M
20,0,0,2026-03-10T17:30:00+00:00,PT30M
20,0,0,2026-03-10T18:00:00+00:00,PT30M
20,0,0,2026-03-10T18:30:00+00:00,PT30M
20,0,0,2026-03-10T19:00:00+00:00,PT30M
20,0,0,2026-03-10T19:30:00+00:00,PT30M
20,0,0,2026-03-10T20:00:00+00:00,PT30M
20,0,0,2026-03-10T20:30:00+00:00,PT30M
20,0,0,2026-03-10T21:00:00+00:00,PT30M
20,0,0,2026-03-10T21:30:00+00:00,PT30M
19,0,0,2026-03-10T22:00:00+00:00,PT30M
19,0,0,2026-03-10T22:30:00+00:00,PT30M
19,0,0,2026-03-10T23:00:00+00:00,PT30M
19,0,0,2026-03-10T23:30:00+00:00,PT30M
19,0,0,2026-03-11T00:00:00+00:00,PT30M
19,0,0,2026-03-11T00:30:00+00:00,PT30M
19,0,0,2026-03-11T01:00:00+00:00,PT30M
19,0,0,2026-03-11T01:30:00+00:00,PT30M
18,0,0,2026-03-11T02:00:00+00:00,PT30M
18,0,0,2026-03-11T02:30:00+00:00,PT30M
19,0,0,2026-03-11T03:00:00+00:00,PT30M
19,0,0,2026-03-11T03:30:00+00:00,PT30M
19,0,1,2026-03-11T04:00:00+00:00,PT30M
19,0,32,2026-03-11T04:30:00+00:00,PT30M
19,0,89,2026-03-11T05:00:00+00:00,PT30M
20,0,121,2026-03-11T05:30:00+00:00,PT30M
20,0,166,2026-03-11T06:00:00+00:00,PT30M
20,12,294,2026-03-11T06:30:00+00:00,PT30M
21,242,486,2026-03-11T07:00:00+00:00,PT30M
21,1,422,2026-03-11T07:30:00+00:00,PT30M
22,2,487,2026-03-11T08:00:00+00:00,PT30M
22,71,575,2026-03-11T08:30:00+00:00,PT30M
23,32,558,2026-03-11T09:00:00+00:00,PT30M
23,0,494,2026-03-11T09:30:00+00:00,PT30M
22,0,465,2026-03-11T10:00:00+00:00,PT30M
22,0,448,2026-03-11T10:30:00+00:00,PT30M
23,0,403,2026-03-11T11:00:00+00:00,PT30M
23,0,414,2026-03-11T11:30:00+00:00,PT30M
23,13,525,2026-03-11T12:00:00+00:00,PT30M
23,40,355,2026-03-11T12:30:00+00:00,PT30M
23,0,71,2026-03-11T13:00:00+00:00,PT30M
23,0,130,2026-03-11T13:30:00+00:00,PT30M
23,0,139,2026-03-11T14:00:00+00:00,PT30M
23,0,137,2026-03-11T14:30:00+00:00,PT30M
22,12,128,2026-03-11T15:00:00+00:00,PT30M
22,116,102,2026-03-11T15:30:00+00:00,PT30M
21,0,18,2026-03-11T16:00:00+00:00,PT30M
21,0,0,2026-03-11T16:30:00+00:00,PT30M
20,0,0,2026-03-11T17:00:00+00:00,PT30M
20,0,0,2026-03-11T17:30:00+00:00,PT30M
20,0,0,2026-03-11T18:00:00+00:00,PT30M
20,0,0,2026-03-11T18:30:00+00:00,PT30M
20,0,0,2026-03-11T19:00:00+00:00,PT30M
20,0,0,2026-03-11T19:30:00+00:00,PT30M
20,0,0,2026-03-11T20:00:00+00:00,PT30M
20,0,0,2026-03-11T20:30:00+00:00,PT30M
20,0,0,2026-03-11T21:00:00+00:00,PT30M
19,0,0,2026-03-11T21:30:00+00:00,PT30M
19,0,0,2026-03-11T22:00:00+00:00,PT30M
19,0,0,2026-03-11T22:30:00+00:00,PT30M
18,0,0,2026-03-11T23:00:00+00:00,PT30M
18,0,0,2026-03-11T23:30:00+00:00,PT30M
18,0,0,2026-03-12T00:00:00+00:00,PT30M
18,0,0,2026-03-12T00:30:00+00:00,PT30M
18,0,0,2026-03-12T01:00:00+00:00,PT30M
18,0,0,2026-03-12T01:30:00+00:00,PT30M
18,0,0,2026-03-12T02:00:00+00:00,PT30M
18,0,0,2026-03-12T02:30:00+00:00,PT30M
19,0,0,2026-03-12T03:00:00+00:00,PT30M
19,0,0,2026-03-12T03:30:00+00:00,PT30M
19,0,0,2026-03-12T04:00:00+00:00,PT30M
19,0,30,2026-03-12T04:30:00+00:00,PT30M
19,0,87,2026-03-12T05:00:00+00:00,PT30M
20,0,106,2026-03-12T05:30:00+00:00,PT30M
20,0,122,2026-03-12T06:00:00+00:00,PT30M
20,0,110,2026-03-12T06:30:00+00:00,PT30M
21,0,123,2026-03-12T07:00:00+00:00,PT30M
21,0,139,2026-03-12T07:30:00+00:00,PT30M
21,0,178,2026-03-12T08:00:00+00:00,PT30M
22,0,226,2026-03-12T08:30:00+00:00,PT30M
22,0,276,2026-03-12T09:00:00+00:00,PT30M
23,0,323,2026-03-12T09:30:00+00:00,PT30M
24,0,428,2026-03-12T10:00:00+00:00,PT30M
24,0,455,2026-03-12T10:30:00+00:00,PT30M
24,0,478,2026-03-12T11:00:00+00:00,PT30M
24,123,618,2026-03-12T11:30:00+00:00,PT30M
24,752,849,2026-03-12T12:00:00+00:00,PT30M
24,787,795,2026-03-12T12:30:00+00:00,PT30M
24,679,680,2026-03-12T13:00:00+00:00,PT30M
24,38,285,2026-03-12T13:30:00+00:00,PT30M
24,0,250,2026-03-12T14:00:00+00:00,PT30M
24,357,314,2026-03-12T14:30:00+00:00,PT30M
23,39,155,2026-03-12T15:00:00+00:00,PT30M
22,9,80,2026-03-12T15:30:00+00:00,PT30M
22,0,16,2026-03-12T16:00:00+00:00,PT30M
21,0,0,2026-03-12T16:30:00+00:00,PT30M
21,0,0,2026-03-12T17:00:00+00:00,PT30M
21,0,0,2026-03-12T17:30:00+00:00,PT30M
21,0,0,2026-03-12T18:00:00+00:00,PT30M
20,0,0,2026-03-12T18:30:00+00:00,PT30M
20,0,0,2026-03-12T19:00:00+00:00,PT30M
20,0,0,2026-03-12T19:30:00+00:00,PT30M
20,0,0,2026-03-12T20:00:00+00:00,PT30M
19,0,0,2026-03-12T20:30:00+00:00,PT30M
19,0,0,2026-03-12T21:00:00+00:00,PT30M
19,0,0,2026-03-12T21:30:00+00:00,PT30M
19,0,0,2026-03-12T22:00:00+00:00,PT30M
19,0,0,2026-03-12T22:30:00+00:00,PT30M
19,0,0,2026-03-12T23:00:00+00:00,PT30M
19,0,0,2026-03-12T23:30:00+00:00,PT30M
19,0,0,2026-03-13T00:00:00+00:00,PT30M
19,0,0,2026-03-13T00:30:00+00:00,PT30M
19,0,0,2026-03-13T01:00:00+00:00,PT30M
18,0,0,2026-03-13T01:30:00+00:00,PT30M
18,0,0,2026-03-13T02:00:00+00:00,PT30M
18,0,0,2026-03-13T02:30:00+00:00,PT30M
18,0,0,2026-03-13T03:00:00+00:00,PT30M
19,0,0,2026-03-13T03:30:00+00:00,PT30M
19,0,0,2026-03-13T04:00:00+00:00,PT30M
19,0,37,2026-03-13T04:30:00+00:00,PT30M
19,0,97,2026-03-13T05:00:00+00:00,PT30M
20,0,155,2026-03-13T05:30:00+00:00,PT30M
20,0,206,2026-03-13T06:00:00+00:00,PT30M
21,0,184,2026-03-13T06:30:00+00:00,PT30M
22,0,198,2026-03-13T07:00:00+00:00,PT30M
22,0,266,2026-03-13T07:30:00+00:00,PT30M
22,0,426,2026-03-13T08:00:00+00:00,PT30M
23,43,561,2026-03-13T08:30:00+00:00,PT30M
24,95,629,2026-03-13T09:00:00+00:00,PT30M
25,89,647,2026-03-13T09:30:00+00:00,PT30M
26,168,702,2026-03-13T10:00:00+00:00,PT30M
26,200,716,2026-03-13T10:30:00+00:00,PT30M
26,210,703,2026-03-13T11:00:00+00:00,PT30M
26,617,852,2026-03-13T11:30:00+00:00,PT30M
26,828,878,2026-03-13T12:00:00+00:00,PT30M
26,834,810,2026-03-13T12:30:00+00:00,PT30M
25,555,642,2026-03-13T13:00:00+00:00,PT30M
24,317,487,2026-03-13T13:30:00+00:00,PT30M
23,3,248,2026-03-13T14:00:00+00:00,PT30M
23,0,179,2026-03-13T14:30:00+00:00,PT30M
22,0,123,2026-03-13T15:00:00+00:00,PT30M
22,0,27,2026-03-13T15:30:00+00:00,PT30M
22,0,15,2026-03-13T16:00:00+00:00,PT30M
21,0,0,2026-03-13T16:30:00+00:00,PT30M
21,0,0,2026-03-13T17:00:00+00:00,PT30M
21,0,0,2026-03-13T17:30:00+00:00,PT30M
21,0,0,2026-03-13T18:00:00+00:00,PT30M
20,0,0,2026-03-13T18:30:00+00:00,PT30M
20,0,0,2026-03-13T19:00:00+00:00,PT30M
20,0,0,2026-03-13T19:30:00+00:00,PT30M
20,0,0,2026-03-13T20:00:00+00:00,PT30M
20,0,0,2026-03-13T20:30:00+00:00,PT30M
20,0,0,2026-03-13T21:00:00+00:00,PT30M
20,0,0,2026-03-13T21:30:00+00:00,PT30M
19,0,0,2026-03-13T22:00:00+00:00,PT30M
19,0,0,2026-03-13T22:30:00+00:00,PT30M
19,0,0,2026-03-13T23:00:00+00:00,PT30M
19,0,0,2026-03-13T23:30:00+00:00,PT30M
19,0,0,2026-03-14T00:00:00+00:00,PT30M
19,0,0,2026-03-14T00:30:00+00:00,PT30M
19,0,0,2026-03-14T01:00:00+00:00,PT30M
19,0,0,2026-03-14T01:30:00+00:00,PT30M
19,0,0,2026-03-14T02:00:00+00:00,PT30M
19,0,0,2026-03-14T02:30:00+00:00,PT30M
19,0,0,2026-03-14T03:00:00+00:00,PT30M
19,0,0,2026-03-14T03:30:00+00:00,PT30M
20,0,0,2026-03-14T04:00:00+00:00,PT30M
20,48,45,2026-03-14T04:30:00+00:00,PT30M
20,87,127,2026-03-14T05:00:00+00:00,PT30M
20,120,215,2026-03-14T05:30:00+00:00,PT30M
21,201,317,2026-03-14T06:00:00+00:00,PT30M
21,330,435,2026-03-14T06:30:00+00:00,PT30M
22,262,492,2026-03-14T07:00:00+00:00,PT30M
23,50,474,2026-03-14T07:30:00+00:00,PT30M
23,349,660,2026-03-14T08:00:00+00:00,PT30M
24,516,781,2026-03-14T08:30:00+00:00,PT30M
25,112,579,2026-03-14T09:00:00+00:00,PT30M
25,0,407,2026-03-14T09:30:00+00:00,PT30M
26,0,526,2026-03-14T10:00:00+00:00,PT30M
26,0,522,2026-03-14T10:30:00+00:00,PT30M
26,9,524,2026-03-14T11:00:00+00:00,PT30M
26,0,138,2026-03-14T11:30:00+00:00,PT30M
25,0,62,2026-03-14T12:00:00+00:00,PT30M
25,0,79,2026-03-14T12:30:00+00:00,PT30M
23,0,71,2026-03-14T13:00:00+00:00,PT30M
23,0,84,2026-03-14T13:30:00+00:00,PT30M
23,0,117,2026-03-14T14:00:00+00:00,PT30M
22,0,106,2026-03-14T14:30:00+00:00,PT30M
22,0,82,2026-03-14T15:00:00+00:00,PT30M
22,0,54,2026-03-14T15:30:00+00:00,PT30M
21,0,10,2026-03-14T16:00:00+00:00,PT30M
21,0,0,2026-03-14T16:30:00+00:00,PT30M
21,0,0,2026-03-14T17:00:00+00:00,PT30M
21,0,0,2026-03-14T17:30:00+00:00,PT30M
21,0,0,2026-03-14T18:00:00+00:00,PT30M
20,0,0,2026-03-14T18:30:00+00:00,PT30M
20,0,0,2026-03-14T19:00:00+00:00,PT30M
20,0,0,2026-03-14T19:30:00+00:00,PT30M
20,0,0,2026-03-14T20:00:00+00:00,PT30M
19,0,0,2026-03-14T20:30:00+00:00,PT30M
19,0,0,2026-03-14T21:00:00+00:00,PT30M
19,0,0,2026-03-14T21:30:00+00:00,PT30M
19,0,0,2026-03-14T22:00:00+00:00,PT30M
19,0,0,2026-03-14T22:30:00+00:00,PT30M
19,0,0,2026-03-14T23:00:00+00:00,PT30M
19,0,0,2026-03-14T23:30:00+00:00,PT30M
19,0,0,2026-03-15T00:00:00+00:00,PT30M
19,0,0,2026-03-15T00:30:00+00:00,PT30M
19,0,0,2026-03-15T01:00:00+00:00,PT30M
19,0,0,2026-03-15T01:30:00+00:00,PT30M
19,0,0,2026-03-15T02:00:00+00:00,PT30M
19,0,0,2026-03-15T02:30:00+00:00,PT30M
19,0,0,2026-03-15T03:00:00+00:00,PT30M
19,0,0,2026-03-15T03:30:00+00:00,PT30M
19,0,0,2026-03-15T04:00:00+00:00,PT30M
19,12,38,2026-03-15T04:30:00+00:00,PT30M
19,0,91,2026-03-15T05:00:00+00:00,PT30M
19,0,125,2026-03-15T05:30:00+00:00,PT30M
19,0,150,2026-03-15T06:00:00+00:00,PT30M
19,0,134,2026-03-15T06:30:00+00:00,PT30M
19,0,107,2026-03-15T07:00:00+00:00,PT30M
19,0,145,2026-03-15T07:30:00+00:00,PT30M
19,0,216,2026-03-15T08:00:00+00:00,PT30M
20,0,272,2026-03-15T08:30:00+00:00,PT30M
20,0,324,2026-03-15T09:00:00+00:00,PT30M
20,0,432,2026-03-15T09:30:00+00:00,PT30M
21,0,446,2026-03-15T10:00:00+00:00,PT30M
21,0,471,2026-03-15T10:30:00+00:00,PT30M
22,0,412,2026-03-15T11:00:00+00:00,PT30M
22,0,440,2026-03-15T11:30:00+00:00,PT30M
22,27,519,2026-03-15T12:00:00+00:00,PT30M
23,9,449,2026-03-15T12:30:00+00:00,PT30M
23,0,272,2026-03-15T13:00:00+00:00,PT30M
23,0,253,2026-03-15T13:30:00+00:00,PT30M
22,502,430,2026-03-15T14:00:00+00:00,PT30M
22,694,370,2026-03-15T14:30:00+00:00,PT30M
22,242,199,2026-03-15T15:00:00+00:00,PT30M
21,11,77,2026-03-15T15:30:00+00:00,PT30M
21,0,12,2026-03-15T16:00:00+00:00,PT30M
21,0,0,2026-03-15T16:30:00+00:00,PT30M
20,0,0,2026-03-15T17:00:00+00:00,PT30M
20,0,0,2026-03-15T17:30:00+00:00,PT30M
20,0,0,2026-03-15T18:00:00+00:00,PT30M
20,0,0,2026-03-15T18:30:00+00:00,PT30M
20,0,0,2026-03-15T19:00:00+00:00,PT30M
20,0,0,2026-03-15T19:30:00+00:00,PT30M
20,0,0,2026-03-15T20:00:00+00:00,PT30M
20,0,0,2026-03-15T20:30:00+00:00,PT30M
20,0,0,2026-03-15T21:00:00+00:00,PT30M
20,0,0,2026-03-15T21:30:00+00:00,PT30M
19,0,0,2026-03-15T22:00:00+00:00,PT30M
19,0,0,2026-03-15T22:30:00+00:00,PT30M
19,0,0,2026-03-15T23:00:00+00:00,PT30M
19,0,0,2026-03-15T23:30:00+00:00,PT30M
19,0,0,2026-03-16T00:00:00+00:00,PT30M
19,0,0,2026-03-16T00:30:00+00:00,PT30M
19,0,0,2026-03-16T01:00:00+00:00,PT30M
19,0,0,2026-03-16T01:30:00+00:00,PT30M
18,0,0,2026-03-16T02:00:00+00:00,PT30M
19,0,0,2026-03-16T02:30:00+00:00,PT30M
19,0,0,2026-03-16T03:00:00+00:00,PT30M
19,0,0,2026-03-16T03:30:00+00:00,PT30M
19,0,1,2026-03-16T04:00:00+00:00,PT30M
19,44,45,2026-03-16T04:30:00+00:00,PT30M
20,252,148,2026-03-16T05:00:00+00:00,PT30M
20,595,292,2026-03-16T05:30:00+00:00,PT30M
21,506,383,2026-03-16T06:00:00+00:00,PT30M
22,575,499,2026-03-16T06:30:00+00:00,PT30M
22,630,607,2026-03-16T07:00:00+00:00,PT30M
23,635,695,2026-03-16T07:30:00+00:00,PT30M
24,727,799,2026-03-16T08:00:00+00:00,PT30M
24,749,868,2026-03-16T08:30:00+00:00,PT30M
25,771,923,2026-03-16T09:00:00+00:00,PT30M
25,464,828,2026-03-16T09:30:00+00:00,PT30M
24,118,637,2026-03-16T10:00:00+00:00,PT30M
24,4,566,2026-03-16T10:30:00+00:00,PT30M
24,0,322,2026-03-16T11:00:00+00:00,PT30M
25,0,207,2026-03-16T11:30:00+00:00,PT30M
25,0,293,2026-03-16T12:00:00+00:00,PT30M
25,0,337,2026-03-16T12:30:00+00:00,PT30M
26,0,337,2026-03-16T13:00:00+00:00,PT30M
26,131,392,2026-03-16T13:30:00+00:00,PT30M
26,0,123,2026-03-16T14:00:00+00:00,PT30M
25,0,127,2026-03-16T14:30:00+00:00,PT30M
24,0,104,2026-03-16T15:00:00+00:00,PT30M
23,0,74,2026-03-16T15:30:00+00:00,PT30M
23,0,11,2026-03-16T16:00:00+00:00,PT30M
22,0,0,2026-03-16T16:30:00+00:00,PT30M
22,0,0,2026-03-16T17:00:00+00:00,PT30M
21,0,0,2026-03-16T17:30:00+00:00,PT30M
21,0,0,2026-03-16T18:00:00+00:00,PT30M
21,0,0,2026-03-16T18:30:00+00:00,PT30M
21,0,0,2026-03-16T19:00:00+00:00,PT30M
21,0,0,2026-03-16T19:30:00+00:00,PT30M
20,0,0,2026-03-16T20:00:00+00:00,PT30M
20,0,0,2026-03-16T20:30:00+00:00,PT30M
20,0,0,2026-03-16T21:00:00+00:00,PT30M
20,0,0,2026-03-16T21:30:00+00:00,PT30M
20,0,0,2026-03-16T22:00:00+00:00,PT30M
20,0,0,2026-03-16T22:30:00+00:00,PT30M
20,0,0,2026-03-16T23:00:00+00:00,PT30M
20,0,0,2026-03-16T23:30:00+00:00,PT30M
20,0,0,2026-03-17T00:00:00+00:00,PT30M
20,0,0,2026-03-17T00:30:00+00:00,PT30M
20,0,0,2026-03-17T01:00:00+00:00,PT30M
20,0,0,2026-03-17T01:30:00+00:00,PT30M
20,0,0,2026-03-17T02:00:00+00:00,PT30M
19,0,0,2026-03-17T02:30:00+00:00,PT30M
19,0,0,2026-03-17T03:00:00+00:00,PT30M
19,0,0,2026-03-17T03:30:00+00:00,PT30M
19,0,0,2026-03-17T04:00:00+00:00,PT30M
19,1,36,2026-03-17T04:30:00+00:00,PT30M
19,0,85,2026-03-17T05:00:00+00:00,PT30M
19,0,107,2026-03-17T05:30:00+00:00,PT30M
19,0,117,2026-03-17T06:00:00+00:00,PT30M
19,0,122,2026-03-17T06:30:00+00:00,PT30M
19,0,98,2026-03-17T07:00:00+00:00,PT30M
20,0,87,2026-03-17T07:30:00+00:00,PT30M
20,0,76,2026-03-17T08:00:00+00:00,PT30M
21,0,68,2026-03-17T08:30:00+00:00,PT30M
21,0,61,2026-03-17T09:00:00+00:00,PT30M
21,0,86,2026-03-17T09:30:00+00:00,PT30M
22,0,160,2026-03-17T10:00:00+00:00,PT30M
22,0,334,2026-03-17T10:30:00+00:00,PT30M
22,0,405,2026-03-17T11:00:00+00:00,PT30M
22,0,367,2026-03-17T11:30:00+00:00,PT30M
22,0,371,2026-03-17T12:00:00+00:00,PT30M
22,0,298,2026-03-17T12:30:00+00:00,PT30M
22,0,244,2026-03-17T13:00:00+00:00,PT30M
22,0,313,2026-03-17T13:30:00+00:00,PT30M
22,0,252,2026-03-17T14:00:00+00:00,PT30M
22,0,181,2026-03-17T14:30:00+00:00,PT30M
22,21,158,2026-03-17T15:00:00+00:00,PT30M
21,38,87,2026-03-17T15:30:00+00:00,PT30M
21,1,12,2026-03-17T16:00:00+00:00,PT30M
20,0,0,2026-03-17T16:30:00+00:00,PT30M
20,0,0,2026-03-17T17:00:00+00:00,PT30M
20,0,0,2026-03-17T17:30:00+00:00,PT30M
20,0,0,2026-03-17T18:00:00+00:00,PT30M
20,0,0,2026-03-17T18:30:00+00:00,PT30M
19,0,0,2026-03-17T19:00:00+00:00,PT30M
19,0,0,2026-03-17T19:30:00+00:00,PT30M
19,0,0,2026-03-17T20:00:00+00:00,PT30M
19,0,0,2026-03-17T20:30:00+00:00,PT30M
19,0,0,2026-03-17T21:00:00+00:00,PT30M
19,0,0,2026-03-17T21:30:00+00:00,PT30M
19,0,0,2026-03-17T22:00:00+00:00,PT30M
19,0,0,2026-03-17T22:30:00+00:00,PT30M
19,0,0,2026-03-17T23:00:00+00:00,PT30M
19,0,0,2026-03-17T23:30:00+00:00,PT30M
18,0,0,2026-03-18T00:00:00+00:00,PT30M
18,0,0,2026-03-18T00:30:00+00:00,PT30M
18,0,0,2026-03-18T01:00:00+00:00,PT30M
18,0,0,2026-03-18T01:30:00+00:00,PT30M
18,0,0,2026-03-18T02:00:00+00:00,PT30M
19,0,0,2026-03-18T02:30:00+00:00,PT30M
19,0,0,2026-03-18T03:00:00+00:00,PT30M
20,0,0,2026-03-18T03:30:00+00:00,PT30M
20,0,2,2026-03-18T04:00:00+00:00,PT30M
20,58,50,2026-03-18T04:30:00+00:00,PT30M
20,0,97,2026-03-18T05:00:00+00:00,PT30M
21,157,216,2026-03-18T05:30:00+00:00,PT30M
21,551,392,2026-03-18T06:00:00+00:00,PT30M
22,731,534,2026-03-18T06:30:00+00:00,PT30M
23,835,660,2026-03-18T07:00:00+00:00,PT30M
23,822,749,2026-03-18T07:30:00+00:00,PT30M
24,766,810,2026-03-18T08:00:00+00:00,PT30M
24,646,832,2026-03-18T08:30:00+00:00,PT30M
25,507,822,2026-03-18T09:00:00+00:00,PT30M
26,804,967,2026-03-18T09:30:00+00:00,PT30M
26,654,922,2026-03-18T10:00:00+00:00,PT30M
26,623,902,2026-03-18T10:30:00+00:00,PT30M
25,425,799,2026-03-18T11:00:00+00:00,PT30M
25,202,620,2026-03-18T11:30:00+00:00,PT30M
25,0,194,2026-03-18T12:00:00+00:00,PT30M
25,0,180,2026-03-18T12:30:00+00:00,PT30M
26,0,61,2026-03-18T13:00:00+00:00,PT30M
26,0,34,2026-03-18T13:30:00+00:00,PT30M
26,0,25,2026-03-18T14:00:00+00:00,PT30M
25,0,25,2026-03-18T14:30:00+00:00,PT30M
25,0,60,2026-03-18T15:00:00+00:00,PT30M
24,0,42,2026-03-18T15:30:00+00:00,PT30M
23,8,13,2026-03-18T16:00:00+00:00,PT30M
22,0,0,2026-03-18T16:30:00+00:00,PT30M
22,0,0,2026-03-18T17:00:00+00:00,PT30M
21,0,0,2026-03-18T17:30:00+00:00,PT30M
21,0,0,2026-03-18T18:00:00+00:00,PT30M
21,0,0,2026-03-18T18:30:00+00:00,PT30M
21,0,0,2026-03-18T19:00:00+00:00,PT30M
21,0,0,2026-03-18T19:30:00+00:00,PT30M
21,0,0,2026-03-18T20:00:00+00:00,PT30M
21,0,0,2026-03-18T20:30:00+00:00,PT30M
21,0,0,2026-03-18T21:00:00+00:00,PT30M
20,0,0,2026-03-18T21:30:00+00:00,PT30M
20,0,0,2026-03-18T22:00:00+00:00,PT30M
20,0,0,2026-03-18T22:30:00+00:00,PT30M
20,0,0,2026-03-18T23:00:00+00:00,PT30M
20,0,0,2026-03-18T23:30:00+00:00,PT30M
20,0,0,2026-03-19T00:00:00+00:00,PT30M
20,0,0,2026-03-19T00:30:00+00:00,PT30M
19,0,0,2026-03-19T01:00:00+00:00,PT30M
19,0,0,2026-03-19T01:30:00+00:00,PT30M
19,0,0,2026-03-19T02:00:00+00:00,PT30M
19,0,0,2026-03-19T02:30:00+00:00,PT30M
19,0,0,2026-03-19T03:00:00+00:00,PT30M
19,0,0,2026-03-19T03:30:00+00:00,PT30M
19,0,0,2026-03-19T04:00:00+00:00,PT30M
19,0,26,2026-03-19T04:30:00+00:00,PT30M
19,0,68,2026-03-19T05:00:00+00:00,PT30M
20,0,104,2026-03-19T05:30:00+00:00,PT30M
20,0,133,2026-03-19T06:00:00+00:00,PT30M
21,0,171,2026-03-19T06:30:00+00:00,PT30M
21,0,243,2026-03-19T07:00:00+00:00,PT30M
22,0,364,2026-03-19T07:30:00+00:00,PT30M
23,0,435,2026-03-19T08:00:00+00:00,PT30M
24,0,482,2026-03-19T08:30:00+00:00,PT30M
24,0,513,2026-03-19T09:00:00+00:00,PT30M
24,13,469,2026-03-19T09:30:00+00:00,PT30M
24,273,746,2026-03-19T10:00:00+00:00,PT30M
24,294,753,2026-03-19T10:30:00+00:00,PT30M
25,633,880,2026-03-19T11:00:00+00:00,PT30M
25,629,844,2026-03-19T11:30:00+00:00,PT30M
25,727,826,2026-03-19T12:00:00+00:00,PT30M
25,231,578,2026-03-19T12:30:00+00:00,PT30M
25,0,342,2026-03-19T13:00:00+00:00,PT30M
25,165,407,2026-03-19T13:30:00+00:00,PT30M
25,249,365,2026-03-19T14:00:00+00:00,PT30M
24,430,310,2026-03-19T14:30:00+00:00,PT30M
23,607,236,2026-03-19T15:00:00+00:00,PT30M
22,381,112,2026-03-19T15:30:00+00:00,PT30M
22,16,17,2026-03-19T16:00:00+00:00,PT30M
21,0,0,2026-03-19T16:30:00+00:00,PT30M
21,0,0,2026-03-19T17:00:00+00:00,PT30M
21,0,0,2026-03-19T17:30:00+00:00,PT30M
21,0,0,2026-03-19T18:00:00+00:00,PT30M
21,0,0,2026-03-19T18:30:00+00:00,PT30M
20,0,0,2026-03-19T19:00:00+00:00,PT30M
20,0,0,2026-03-19T19:30:00+00:00,PT30M
20,0,0,2026-03-19T20:00:00+00:00,PT30M
20,0,0,2026-03-19T20:30:00+00:00,PT30M
20,0,0,2026-03-19T21:00:00+00:00,PT30M
19,0,0,2026-03-19T21:30:00+00:00,PT30M
19,0,0,2026-03-19T22:00:00+00:00,PT30M
18,0,0,2026-03-19T22:30:00+00:00,PT30M
18,0,0,2026-03-19T23:00:00+00:00,PT30M
18,0,0,2026-03-19T23:30:00+00:00,PT30M
18,0,0,2026-03-20T00:00:00+00:00,PT30M
18,0,0,2026-03-20T00:30:00+00:00,PT30M
18,0,0,2026-03-20T01:00:00+00:00,PT30M
18,0,0,2026-03-20T01:30:00+00:00,PT30M
18,0,0,2026-03-20T02:00:00+00:00,PT30M
18,0,0,2026-03-20T02:30:00+00:00,PT30M
19,0,0,2026-03-20T03:00:00+00:00,PT30M
19,0,0,2026-03-20T03:30:00+00:00,PT30M
19,0,0,2026-03-20T04:00:00+00:00,PT30M
19,0,28,2026-03-20T04:30:00+00:00,PT30M
19,0,82,2026-03-20T05:00:00+00:00,PT30M
19,0,145,2026-03-20T05:30:00+00:00,PT30M
19,9,249,2026-03-20T06:00:00+00:00,PT30M
19,65,348,2026-03-20T06:30:00+00:00,PT30M
20,40,393,2026-03-20T07:00:00+00:00,PT30M
20,0,385,2026-03-20T07:30:00+00:00,PT30M
20,22,491,2026-03-20T08:00:00+00:00,PT30M
20,48,552,2026-03-20T08:30:00+00:00,PT30M
21,5,513,2026-03-20T09:00:00+00:00,PT30M
22,0,361,2026-03-20T09:30:00+00:00,PT30M
23,0,363,2026-03-20T10:00:00+00:00,PT30M
24,35,561,2026-03-20T10:30:00+00:00,PT30M
25,156,656,2026-03-20T11:00:00+00:00,PT30M
25,470,775,2026-03-20T11:30:00+00:00,PT30M
25,745,833,2026-03-20T12:00:00+00:00,PT30M
24,663,740,2026-03-20T12:30:00+00:00,PT30M
24,34,409,2026-03-20T13:00:00+00:00,PT30M
24,46,382,2026-03-20T13:30:00+00:00,PT30M
24,72,306,2026-03-20T14:00:00+00:00,PT30M
24,0,157,2026-03-20T14:30:00+00:00,PT30M
23,110,158,2026-03-20T15:00:00+00:00,PT30M
22,50,81,2026-03-20T15:30:00+00:00,PT30M
21,30,12,2026-03-20T16:00:00+00:00,PT30M
20,0,0,2026-03-20T16:30:00+00:00,PT30M
20,0,0,2026-03-20T17:00:00+00:00,PT30M
20,0,0,2026-03-20T17:30:00+00:00,PT30M
19,0,0,2026-03-20T18:00:00+00:00,PT30M
19,0,0,2026-03-20T18:30:00+00:00,PT30M
19,0,0,2026-03-20T19:00:00+00:00,PT30M
19,0,0,2026-03-20T19:30:00+00:00,PT30M
19,0,0,2026-03-20T20:00:00+00:00,PT30M
19,0,0,2026-03-20T20:30:00+00:00,PT30M
19,0,0,2026-03-20T21:00:00+00:00,PT30M
19,0,0,2026-03-20T21:30:00+00:00,PT30M
19,0,0,2026-03-20T22:00:00+00:00,PT30M
19,0,0,2026-03-20T22:30:00+00:00,PT30M
19,0,0,2026-03-20T23:00:00+00:00,PT30M
19,0,0,2026-03-20T23:30:00+00:00,PT30M
19,0,0,2026-03-21T00:00:00+00:00,PT30M
19,0,0,2026-03-21T00:30:00+00:00,PT30M
19,0,0,2026-03-21T01:00:00+00:00,PT30M
19,0,0,2026-03-21T01:30:00+00:00,PT30M
19,0,0,2026-03-21T02:00:00+00:00,PT30M
19,0,0,2026-03-21T02:30:00+00:00,PT30M
19,0,0,2026-03-21T03:00:00+00:00,PT30M
19,0,0,2026-03-21T03:30:00+00:00,PT30M
20,0,1,2026-03-21T04:00:00+00:00,PT30M
20,0,38,2026-03-21T04:30:00+00:00,PT30M
20,157,134,2026-03-21T05:00:00+00:00,PT30M
20,294,245,2026-03-21T05:30:00+00:00,PT30M
21,392,357,2026-03-21T06:00:00+00:00,PT30M
21,442,462,2026-03-21T06:30:00+00:00,PT30M
22,594,592,2026-03-21T07:00:00+00:00,PT30M
22,837,747,2026-03-21T07:30:00+00:00,PT30M
23,932,855,2026-03-21T08:00:00+00:00,PT30M
23,947,926,2026-03-21T08:30:00+00:00,PT30M
24,957,979,2026-03-21T09:00:00+00:00,PT30M
24,933,1003,2026-03-21T09:30:00+00:00,PT30M
24,902,1005,2026-03-21T10:00:00+00:00,PT30M
25,849,981,2026-03-21T10:30:00+00:00,PT30M
25,928,986,2026-03-21T11:00:00+00:00,PT30M
25,910,939,2026-03-21T11:30:00+00:00,PT30M
25,820,853,2026-03-21T12:00:00+00:00,PT30M
25,617,717,2026-03-21T12:30:00+00:00,PT30M
25,821,696,2026-03-21T13:00:00+00:00,PT30M
25,882,612,2026-03-21T13:30:00+00:00,PT30M
25,753,478,2026-03-21T14:00:00+00:00,PT30M
25,582,336,2026-03-21T14:30:00+00:00,PT30M
24,684,241,2026-03-21T15:00:00+00:00,PT30M
23,506,117,2026-03-21T15:30:00+00:00,PT30M
22,87,19,2026-03-21T16:00:00+00:00,PT30M
22,0,0,2026-03-21T16:30:00+00:00,PT30M
21,0,0,2026-03-21T17:00:00+00:00,PT30M
21,0,0,2026-03-21T17:30:00+00:00,PT30M
20,0,0,2026-03-21T18:00:00+00:00,PT30M
20,0,0,2026-03-21T18:30:00+00:00,PT30M
19,0,0,2026-03-21T19:00:00+00:00,PT30M
19,0,0,2026-03-21T19:30:00+00:00,PT30M
19,0,0,2026-03-21T20:00:00+00:00,PT30M
19,0,0,2026-03-21T20:30:00+00:00,PT30M
19,0,0,2026-03-21T21:00:00+00:00,PT30M
19,0,0,2026-03-21T21:30:00+00:00,PT30M
19,0,0,2026-03-21T22:00:00+00:00,PT30M
19,0,0,2026-03-21T22:30:00+00:00,PT30M
19,0,0,2026-03-21T23:00:00+00:00,PT30M
19,0,0,2026-03-21T23:30:00+00:00,PT30M
19,0,0,2026-03-22T00:00:00+00:00,PT30M
19,0,0,2026-03-22T00:30:00+00:00,PT30M
19,0,0,2026-03-22T01:00:00+00:00,PT30M
18,0,0,2026-03-22T01:30:00+00:00,PT30M
18,0,0,2026-03-22T02:00:00+00:00,PT30M
18,0,0,2026-03-22T02:30:00+00:00,PT30M
19,0,0,2026-03-22T03:00:00+00:00,PT30M
19,0,0,2026-03-22T03:30:00+00:00,PT30M
19,0,1,2026-03-22T04:00:00+00:00,PT30M
19,29,33,2026-03-22T04:30:00+00:00,PT30M
20,0,88,2026-03-22T05:00:00+00:00,PT30M
20,0,132,2026-03-22T05:30:00+00:00,PT30M
21,0,164,2026-03-22T06:00:00+00:00,PT30M
21,0,126,2026-03-22T06:30:00+00:00,PT30M
21,0,188,2026-03-22T07:00:00+00:00,PT30M
21,16,408,2026-03-22T07:30:00+00:00,PT30M
22,457,692,2026-03-22T08:00:00+00:00,PT30M
22,705,839,2026-03-22T08:30:00+00:00,PT30M
22,649,863,2026-03-22T09:00:00+00:00,PT30M
23,483,822,2026-03-22T09:30:00+00:00,PT30M
23,736,935,2026-03-22T10:00:00+00:00,PT30M
24,915,999,2026-03-22T10:30:00+00:00,PT30M
24,810,938,2026-03-22T11:00:00+00:00,PT30M
24,894,929,2026-03-22T11:30:00+00:00,PT30M
24,915,880,2026-03-22T12:00:00+00:00,PT30M
24,655,726,2026-03-22T12:30:00+00:00,PT30M
24,667,645,2026-03-22T13:00:00+00:00,PT30M
24,438,497,2026-03-22T13:30:00+00:00,PT30M
24,232,357,2026-03-22T14:00:00+00:00,PT30M
23,580,335,2026-03-22T14:30:00+00:00,PT30M
23,496,218,2026-03-22T15:00:00+00:00,PT30M
22,372,105,2026-03-22T15:30:00+00:00,PT30M
21,55,17,2026-03-22T16:00:00+00:00,PT30M
21,0,0,2026-03-22T16:30:00+00:00,PT30M
20,0,0,2026-03-22T17:00:00+00:00,PT30M
19,0,0,2026-03-22T17:30:00+00:00,PT30M
19,0,0,2026-03-22T18:00:00+00:00,PT30M
19,0,0,2026-03-22T18:30:00+00:00,PT30M
19,0,0,2026-03-22T19:00:00+00:00,PT30M
19,0,0,2026-03-22T19:30:00+00:00,PT30M
19,0,0,2026-03-22T20:00:00+00:00,PT30M
19,0,0,2026-03-22T20:30:00+00:00,PT30M
19,0,0,2026-03-22T21:00:00+00:00,PT30M
19,0,0,2026-03-22T21:30:00+00:00,PT30M
18,0,0,2026-03-22T22:00:00+00:00,PT30M
18,0,0,2026-03-22T22:30:00+00:00,PT30M
18,0,0,2026-03-22T23:00:00+00:00,PT30M
18,0,0,2026-03-22T23:30:00+00:00,PT30M
18,0,0,2026-03-23T00:00:00+00:00,PT30M
18,0,0,2026-03-23T00:30:00+00:00,PT30M
18,0,0,2026-03-23T01:00:00+00:00,PT30M
18,0,0,2026-03-23T01:30:00+00:00,PT30M
18,0,0,2026-03-23T02:00:00+00:00,PT30M
18,0,0,2026-03-23T02:30:00+00:00,PT30M
19,0,0,2026-03-23T03:00:00+00:00,PT30M
19,0,0,2026-03-23T03:30:00+00:00,PT30M
19,0,1,2026-03-23T04:00:00+00:00,PT30M
19,0,36,2026-03-23T04:30:00+00:00,PT30M
20,0,106,2026-03-23T05:00:00+00:00,PT30M
20,0,152,2026-03-23T05:30:00+00:00,PT30M
20,0,190,2026-03-23T06:00:00+00:00,PT30M
20,68,339,2026-03-23T06:30:00+00:00,PT30M
21,188,451,2026-03-23T07:00:00+00:00,PT30M
21,207,529,2026-03-23T07:30:00+00:00,PT30M
21,392,663,2026-03-23T08:00:00+00:00,PT30M
21,397,715,2026-03-23T08:30:00+00:00,PT30M
22,159,636,2026-03-23T09:00:00+00:00,PT30M
22,93,608,2026-03-23T09:30:00+00:00,PT30M
23,15,397,2026-03-23T10:00:00+00:00,PT30M
23,0,296,2026-03-23T10:30:00+00:00,PT30M
24,0,344,2026-03-23T11:00:00+00:00,PT30M
24,248,635,2026-03-23T11:30:00+00:00,PT30M
25,388,691,2026-03-23T12:00:00+00:00,PT30M
25,238,575,2026-03-23T12:30:00+00:00,PT30M
24,494,597,2026-03-23T13:00:00+00:00,PT30M
24,105,386,2026-03-23T13:30:00+00:00,PT30M
24,261,355,2026-03-23T14:00:00+00:00,PT30M
23,371,295,2026-03-23T14:30:00+00:00,PT30M
22,203,177,2026-03-23T15:00:00+00:00,PT30M
22,98,83,2026-03-23T15:30:00+00:00,PT30M
22,7,13,2026-03-23T16:00:00+00:00,PT30M
21,0,0,2026-03-23T16:30:00+00:00,PT30M
20,0,0,2026-03-23T17:00:00+00:00,PT30M
20,0,0,2026-03-23T17:30:00+00:00,PT30M
20,0,0,2026-03-23T18:00:00+00:00,PT30M
20,0,0,2026-03-23T18:30:00+00:00,PT30M
20,0,0,2026-03-23T19:00:00+00:00,PT30M
19,0,0,2026-03-23T19:30:00+00:00,PT30M
19,0,0,2026-03-23T20:00:00+00:00,PT30M
19,0,0,2026-03-23T20:30:00+00:00,PT30M
19,0,0,2026-03-23T21:00:00+00:00,PT30M
19,0,0,2026-03-23T21:30:00+00:00,PT30M
19,0,0,2026-03-23T22:00:00+00:00,PT30M
19,0,0,2026-03-23T22:30:00+00:00,PT30M
19,0,0,2026-03-23T23:00:00+00:00,PT30M
19,0,0,2026-03-23T23:30:00+00:00,PT30M
19,0,0,2026-03-24T00:00:00+00:00,PT30M
19,0,0,2026-03-24T00:30:00+00:00,PT30M
19,0,0,2026-03-24T01:00:00+00:00,PT30M
19,0,0,2026-03-24T01:30:00+00:00,PT30M
19,0,0,2026-03-24T02:00:00+00:00,PT30M
19,0,0,2026-03-24T02:30:00+00:00,PT30M
19,0,0,2026-03-24T03:00:00+00:00,PT30M
19,0,0,2026-03-24T03:30:00+00:00,PT30M
19,0,1,2026-03-24T04:00:00+00:00,PT30M
19,48,39,2026-03-24T04:30:00+00:00,PT30M
20,3,101,2026-03-24T05:00:00+00:00,PT30M
20,0,154,2026-03-24T05:30:00+00:00,PT30M
20,160,292,2026-03-24T06:00:00+00:00,PT30M
21,285,413,2026-03-24T06:30:00+00:00,PT30M
21,121,437,2026-03-24T07:00:00+00:00,PT30M
21,14,425,2026-03-24T07:30:00+00:00,PT30M
21,64,519,2026-03-24T08:00:00+00:00,PT30M
22,171,618,2026-03-24T08:30:00+00:00,PT30M
23,678,871,2026-03-24T09:00:00+00:00,PT30M
23,557,851,2026-03-24T09:30:00+00:00,PT30M
23,146,653,2026-03-24T10:00:00+00:00,PT30M
23,463,811,2026-03-24T10:30:00+00:00,PT30M
23,405,766,2026-03-24T11:00:00+00:00,PT30M
23,93,555,2026-03-24T11:30:00+00:00,PT30M
24,467,717,2026-03-24T12:00:00+00:00,PT30M
24,225,552,2026-03-24T12:30:00+00:00,PT30M
23,426,512,2026-03-24T13:00:00+00:00,PT30M
23,836,591,2026-03-24T13:30:00+00:00,PT30M
23,162,328,2026-03-24T14:00:00+00:00,PT30M
22,212,262,2026-03-24T14:30:00+00:00,PT30M
22,496,208,2026-03-24T15:00:00+00:00,PT30M
21,455,106,2026-03-24T15:30:00+00:00,PT30M
21,50,15,2026-03-24T16:00:00+00:00,PT30M
21,0,0,2026-03-24T16:30:00+00:00,PT30M
20,0,0,2026-03-24T17:00:00+00:00,PT30M
19,0,0,2026-03-24T17:30:00+00:00,PT30M
19,0,0,2026-03-24T18:00:00+00:00,PT30M
19,0,0,2026-03-24T18:30:00+00:00,PT30M
20,0,0,2026-03-24T19:00:00+00:00,PT30M
19,0,0,2026-03-24T19:30:00+00:00,PT30M
19,0,0,2026-03-24T20:00:00+00:00,PT30M
19,0,0,2026-03-24T20:30:00+00:00,PT30M
19,0,0,2026-03-24T21:00:00+00:00,PT30M
19,0,0,2026-03-24T21:30:00+00:00,PT30M
19,0,0,2026-03-24T22:00:00+00:00,PT30M
19,0,0,2026-03-24T22:30:00+00:00,PT30M
19,0,0,2026-03-24T23:00:00+00:00,PT30M
19,0,0,2026-03-24T23:30:00+00:00,PT30M
18,0,0,2026-03-25T00:00:00+00:00,PT30M
18,0,0,2026-03-25T00:30:00+00:00,PT30M
18,0,0,2026-03-25T01:00:00+00:00,PT30M
18,0,0,2026-03-25T01:30:00+00:00,PT30M
18,0,0,2026-03-25T02:00:00+00:00,PT30M
19,0,0,2026-03-25T02:30:00+00:00,PT30M
19,0,0,2026-03-25T03:00:00+00:00,PT30M
19,0,0,2026-03-25T03:30:00+00:00,PT30M
19,0,0,2026-03-25T04:00:00+00:00,PT30M
19,0,33,2026-03-25T04:30:00+00:00,PT30M
20,0,90,2026-03-25T05:00:00+00:00,PT30M
20,0,141,2026-03-25T05:30:00+00:00,PT30M
21,8,254,2026-03-25T06:00:00+00:00,PT30M
21,10,317,2026-03-25T06:30:00+00:00,PT30M
22,0,330,2026-03-25T07:00:00+00:00,PT30M
22,0,336,2026-03-25T07:30:00+00:00,PT30M
22,61,488,2026-03-25T08:00:00+00:00,PT30M
22,173,621,2026-03-25T08:30:00+00:00,PT30M
23,477,787,2026-03-25T09:00:00+00:00,PT30M
23,469,810,2026-03-25T09:30:00+00:00,PT30M
23,88,548,2026-03-25T10:00:00+00:00,PT30M
23,449,805,2026-03-25T10:30:00+00:00,PT30M
24,842,947,2026-03-25T11:00:00+00:00,PT30M
24,485,771,2026-03-25T11:30:00+00:00,PT30M
23,292,648,2026-03-25T12:00:00+00:00,PT30M
24,187,550,2026-03-25T12:30:00+00:00,PT30M
24,699,653,2026-03-25T13:00:00+00:00,PT30M
24,612,539,2026-03-25T13:30:00+00:00,PT30M
24,521,422,2026-03-25T14:00:00+00:00,PT30M
23,116,232,2026-03-25T14:30:00+00:00,PT30M
23,249,176,2026-03-25T15:00:00+00:00,PT30M
22,182,87,2026-03-25T15:30:00+00:00,PT30M
21,0,10,2026-03-25T16:00:00+00:00,PT30M
20,0,0,2026-03-25T16:30:00+00:00,PT30M
20,0,0,2026-03-25T17:00:00+00:00,PT30M
20,0,0,2026-03-25T17:30:00+00:00,PT30M
19,0,0,2026-03-25T18:00:00+00:00,PT30M
19,0,0,2026-03-25T18:30:00+00:00,PT30M
19,0,0,2026-03-25T19:00:00+00:00,PT30M
19,0,0,2026-03-25T19:30:00+00:00,PT30M
19,0,0,2026-03-25T20:00:00+00:00,PT30M
19,0,0,2026-03-25T20:30:00+00:00,PT30M
19,0,0,2026-03-25T21:00:00+00:00,PT30M
19,0,0,2026-03-25T21:30:00+00:00,PT30M
18,0,0,2026-03-25T22:00:00+00:00,PT30M
18,0,0,2026-03-25T22:30:00+00:00,PT30M
18,0,0,2026-03-25T23:00:00+00:00,PT30M
18,0,0,2026-03-25T23:30:00+00:00,PT30M
18,0,0,2026-03-26T00:00:00+00:00,PT30M
